name,tag,dob,pob
Katherine Fleming,executive,Not found,Not found
Anne-laure Kiechel,executive,Not found,Not found
Ugo Arzani,executive,Not found,Not found
Asma Abdulrahman-Al-Khulaifi,executive,Not found,Not found
Helene Potier,executive,Not found,Not found
Christine Serre,executive,Not found,Not found
Bruno Pavlovsky,executive,Not found,Not found
Sebastien Bazin,executive,Not found,Not found
Isabelle Simon,executive,Not found,Not found
Iris Knobloch,executive,1963,Munich
Qiong'er Jiang,executive,Not found,Not found
Sarmad Zok,executive,Not found,Not found
Iliane Dumas,executive,Not found,Not found
Nicolas Sarkozy-De-Nagy-Bocsa,executive,Not found,Not found
Aziz Aluthman-Fakhroo,executive,Not found,Not found
Nawaf Bin-Jassim-Bin-Jabor-Al-Thani,executive,Not found,Not found
Sophie Gasperment,executive,Not found,Not found
Chantal Hoogstoel,executive,Not found,Not found
Patrick Sayer,executive,Not found,Not found
Sven Boinet,executive,Not found,Not found
Bertrand Meheut,executive,1951,Rennes
Maria Erra,executive,Not found,Not found
Natacha Valla,executive,1976,Marseille
Jean Bailly,executive,1922,Saint-Germain-le-Châtelet
Vivek Badrinath,executive,Not found,Not found
Ali Bouzarif,executive,Not found,Not found
Nadra Moussalem,executive,Not found,Not found
Aziz Aluthman-Faxhroo,executive,Not found,Not found
Vanessa Schneider,executive,1969,Puteaux
Isabelle Lenfant,executive,Not found,Not found
Olivier Randet,executive,Not found,Not found
Nicolas Droin,executive,Not found,Not found
Alain Le-Borgne,executive,Not found,Not found
Mathilde Godard,executive,Not found,Not found
Patrice Malletroit,executive,Not found,Not found
Morgane Laugier,executive,Not found,Not found
Maria Ballester-Herrera,executive,Not found,Not found
Agnieszka Kula-Borsuk,executive,Not found,Not found
Philippe Merino,executive,Not found,Not found
Louis Richard,executive,1795,Rennes
Sylvie Villepontoux,executive,Not found,Not found
Vincent Serain,executive,Not found,Not found
Anne Bardot,executive,Not found,Not found
Benedicte Levinson,executive,Not found,Not found
Ronald Chalmers,executive,Not found,Not found
Nicolas Poirot,executive,Not found,Not found
Lars Wagner,executive,Not found,Not found
Carmen-maja Rex,executive,Not found,Not found
Thomas Toepfer,executive,Not found,Not found
Guillaume Faury,executive,1968,Cherbourg
Christian Scherer,executive,1947,Nancy
Thierry Baril,executive,Not found,Not found
John Harrison,executive,Not found,Not found
Alberto Gutierrez-Moreno,executive,Not found,Not found
Dominik Asam,executive,Not found,Not found
Michael Schöllhorn,executive,Not found,Not found
Thomas Enders,executive,1958,Bruchertseifen
Harald Wilhelm,executive,Not found,Not found
Fabrice Bregier,executive,1961,Dijon
Thomas Williams,executive,Not found,Not found
Frederik Van-De-Velde,executive,Not found,Not found
Alain Legrix-De-La-Salle,executive,Not found,Not found
Bruno Ribo,executive,Not found,Not found
Gregory Meurin,executive,Not found,Not found
Matthieu Jehl,executive,Not found,Not found
Yves Koeberle,executive,Not found,Not found
Eric Niedziela,executive,Not found,Not found
Marc Vereecke,executive,Not found,Not found
Bart Wille,executive,Not found,Not found
Stéphane Delpeyroux,executive,Not found,Not found
Egbert Jansen,executive,Not found,Not found
Henri Blaffart,executive,Not found,Not found
Herve Bourrier,executive,Not found,Not found
Philippe Darmayan,executive,Not found,Not found
Ewout Steenbergen,executive,Not found,Not found
Antoine Gosset-Grainville,executive,1966,Unknown
Gerald Harlin,executive,Not found,Not found
Rachel Picard,executive,1966,Lyon
Guillaume Faury,executive,1968,Cherbourg
Ramon Fernandez,executive,Not found,Not found
Clotilde Delbos,executive,Not found,Not found
Isabel Hudson,executive,Not found,Not found
Helen Browne,executive,Not found,Not found
Marie Tschudin,executive,Not found,Not found
Martine Bievre,executive,Not found,Not found
Bettina Cramm,executive,Not found,Not found
Angelien Kemna,executive,Not found,Not found
Thomas Dr-Buberl,executive,Not found,Not found
Raymond De-Oliviera-Cezar,executive,Not found,Not found
Xiaoying Duan,executive,Not found,Not found
Andre Francois-Poncet,executive,Not found,Not found
Jean Clamadieu,executive,Not found,Not found
Patricia Barbizet,executive,1955,Unknown
Denis Duverne,executive,1953,Unknown
Elaine Sarsynski,executive,Not found,Not found
Irène Dorner,executive,Not found,Not found
François Martineau,executive,1927,Unknown
Doina Palici-Chehab,executive,Not found,Not found
Stefan Lippe,executive,Not found,Not found
Jean Folz,executive,Not found,Not found
Deanna Oppenheimer,executive,Not found,Not found
Isabelle Kocher,executive,1966,Neuilly-sur-Seine
Suet Lim,executive,Not found,Not found
Paul Hermelin,executive,1952,Etterbeek
Dominique Reiniche,executive,1955,Unknown
Nathalie Szabo,executive,Not found,Not found
Sylvie Bruneau,executive,Not found,Not found
Charlotte Bouygues,executive,Not found,Not found
Jean-michel Gras,executive,Not found,Not found
Caroline Jegu,executive,Not found,Not found
Felicie Burelle,executive,Not found,Not found
Pascaline Aubepin-De-Lamothe-Dreuzy,executive,Not found,Not found
Edward Bouygues,executive,1984,Unknown
Pascal Grangé,executive,Not found,Not found
Benoit Maes,executive,Not found,Not found
Alexandre De-Rothschild,executive,Not found,Not found
Raphaelle Deflesselle,executive,Not found,Not found
Olivier Roussat,executive,1964,Moulins (Allier)
Clara Gaymard,executive,1960,Unknown
Olivier Bouygues,executive,1950,Suresnes
Martin Bouygues,executive,1952,Suresnes
Scdm,executive,Not found,Not found
Participations Scdm,executive,Not found,Not found
Rose Van-Lerberghe,executive,Not found,Not found
Michele Vilain,executive,Not found,Not found
Helman Le-Pas-De-Secheval,executive,Not found,Not found
Francis Castagne,executive,Not found,Not found
Bernard Allain,executive,Not found,Not found
Beatrice Besombes,executive,Not found,Not found
Colette Lewiner,executive,1945,Unknown
Anne Idrac,executive,Not found,Not found
Philippe Marien,executive,Not found,Not found
Sandra Nombret,executive,Not found,Not found
Patrick Kron,executive,1953,Paris
Francois Bertiere,executive,Not found,Not found
Hervé Le-Bouc,executive,Not found,Not found
Elodie Perthuisot,executive,Not found,Not found
Investissement Bpifrance,executive,Not found,Not found
Geoffroy Roux-De-Bézieux,executive,Not found,Not found
Laurent Mignon,executive,1963,Paris
Hinda Gharbi,executive,,Unknown
Pascal Lebard,executive,Not found,Not found
Jean-francois Palus,executive,Not found,Not found
Julie Avrane,executive,Not found,Not found
Christine Anglade,executive,Not found,Not found
Jerome Michiels,executive,Not found,Not found
Frederic Sanchez,executive,Not found,Not found
Ana Giros-Calpe,executive,Not found,Not found
Claude Ehlinger,executive,Not found,Not found
Lucia Thomas,executive,Not found,Not found
Rebecca Herbert-Jones,executive,Not found,Not found
Aldo Cardoso,executive,1956,Unknown
Didier Michaud-Daniel,executive,Not found,Not found
André Francois-Poncet,executive,Not found,Not found
Philippe Lazare,executive,1956,Unknown
Ieda Yell,executive,Not found,Not found
Stéphanie Besnier,executive,Not found,Not found
Stéphane Bacquaert,executive,Not found,Not found
Pierre Hessler,executive,Not found,Not found
Jean Ropert,executive,Not found,Not found
Patrick Buffet,executive,1953,Lyon
Nicoletta Giadrossi,executive,Not found,Not found
Frédéric Lemoine,executive,1965,Unknown
Jean-marc Chéry,executive,Not found,Not found
Christophe Merveilleux-Du-Vignaux,executive,Not found,Not found
Megan Clarken,executive,Not found,Not found
Asa Fearn,executive,Not found,Not found
Maria Ferraro,executive,Not found,Not found
Pierre Goulaieff,executive,Not found,Not found
Kurt Sievers,executive,Not found,Not found
Belen Moscoso-Del-Prado-Lopez-Doriga,executive,Not found,Not found
Herve Jeannin,executive,Not found,Not found
Frederic Oudéa,executive,Not found,Not found
Aiman Ezzat,executive,1961,Ismaïlia
Patrick Pouyanné,executive,1963,Unknown
Paul Hermelin,executive,1952,Etterbeek
Rebecca Herbert-Jones,executive,Not found,Not found
Xavier Musca,executive,1960,Bastia
Olivier Roussat,executive,1964,Moulins (Allier)
Lucia Thomas,executive,Not found,Not found
Tanja Ruckert,executive,Not found,Not found
Xiaoqun Clever,executive,Not found,Not found
Laurence Dors,executive,Not found,Not found
Kevin Masters,executive,Not found,Not found
Anne Bouverot,executive,1966,Unknown
Pierre Pringuet,executive,1950,Paris
Daniel Bernard,executive,Not found,Not found
Laura Desmond,executive,Not found,Not found
Robert Fretel,executive,Not found,Not found
Thierry Delaporte,executive,Not found,Not found
Carole Ferrand,executive,Not found,Not found
Yann Delabriere,executive,Not found,Not found
Caroline Carlisle,executive,Not found,Not found
Philip Laskawy,executive,Not found,Not found
Bruno Roger,executive,Not found,Not found
Alexandre De-Palmas,executive,Not found,Not found
Rami Baitieh,executive,Not found,Not found
Pascal Clouzard,executive,Not found,Not found
Noël Prioux,executive,Not found,Not found
Franck Alexandre,executive,Not found,Not found
Olivier Desportes,executive,Not found,Not found
Gaëlle Regnard,executive,Not found,Not found
Arnaud Rousseau,executive,Not found,Not found
Christine Gandon,executive,Not found,Not found
Carol Roux,executive,Not found,Not found
Olivier Gavalda,executive,Not found,Not found
Jerome Grivet,executive,Not found,Not found
Eric Vial,executive,1958,Grenoble
Sonia Bonnet,executive,Not found,Not found
Catherine Umbricht,executive,Not found,Not found
Eric Wilson,executive,Not found,Not found
Agnes Audier,executive,Not found,Not found
Christophe Lesur,executive,Not found,Not found
Alessia Mosca,executive,Not found,Not found
Olivier Auffray,executive,Not found,Not found
Marianne Laigneau,executive,1964,Unknown
Nicole Gourmelon,executive,Not found,Not found
Pierre Cambefort,executive,Not found,Not found
Pascal Lheureux,executive,Not found,Not found
Marie-claire Daveu,executive,Not found,Not found
Raphael Appert,executive,Not found,Not found
Boetie Sas-Rue-La,executive,Not found,Not found
Jean-pierre Gaillard,executive,Not found,Not found
Dominique Lefebvre,executive,1956,Roubaix
Louis Tercinier,executive,Not found,Not found
Philippe Brassac,executive,1959,Nîmes
Xavier Musca,executive,1960,Bastia
Hugues Brasseur,executive,Not found,Not found
Christiane Lambert,executive,Not found,Not found
Jean-paul Kerrien,executive,Not found,Not found
Françoise Gri,executive,1957,Agen
Catherine Pourre,executive,Not found,Not found
Daniel Epron,executive,Not found,Not found
Gérard Ouvrier-Buffet,executive,Not found,Not found
Simone Vedie,executive,Not found,Not found
François Heyman,executive,Not found,Not found
Philippe De-Waal,executive,Not found,Not found
Monica Mondardini,executive,1960,Cesena
Pascale Berger,executive,Not found,Not found
Laurence Dors,executive,Not found,Not found
Caroline Catoire,executive,Not found,Not found
Renée Talamona,executive,Not found,Not found
Philippe Boujut,executive,Not found,Not found
Christian Streiff,executive,1954,Sarrebourg
Véronique Swiniarski,executive,Not found,Not found
François Thibault,executive,Not found,Not found
Christian Moueza,executive,Not found,Not found
Jean Paviet,executive,Not found,Not found
Xavier Beulin,executive,1958,Donnery
François Veverka,executive,Not found,Not found
Roger Andrieu,executive,Not found,Not found
Jean Roveyaz,executive,Not found,Not found
Louis Tercinier,executive,Not found,Not found
Louis Ternicier,executive,Not found,Not found
Jack Bouin,executive,Not found,Not found
Sanjiv Mehta,executive,Not found,Not found
Lise Kingo,executive,Not found,Not found
Gilbert Ghostine,executive,Not found,Not found
Géraldine Picaud,executive,Not found,Not found
Susan-barbara Roberts,executive,Not found,Not found
Patrice Louvet,executive,Not found,Not found
Valerie Chapoulaud-Floquet,executive,Not found,Not found
Frederic Boutebba,executive,Not found,Not found
Bettina Theissig,executive,Not found,Not found
Gilles Schnepp,executive,1958,Lyon
Antoine Bernard-De-Saint-Affrique,executive,Not found,Not found
Michel Landel,executive,1951,Meknès
Serpil Timuray,executive,Not found,Not found
Guido Barilla,executive,Not found,Not found
Cécile Cabanis,executive,Not found,Not found
Franck Riboud,executive,1955,Lyon
Jean Severino,executive,Not found,Not found
Lionel Zinsou-Derlin,executive,Not found,Not found
Clara Gaymard,executive,1960,Unknown
Gaëlle Olivier,executive,Not found,Not found
Isabelle Seillier,executive,Not found,Not found
Véronique Bosetta,executive,Not found,Not found
Shane Grant,executive,Not found,Not found
Benoit Potier,executive,1957,Mulhouse
Virginia Stallings,executive,Not found,Not found
Gregg Engles,executive,Not found,Not found
Jean Laurent,executive,Not found,Not found
Jacques Granjon,executive,Not found,Not found
Patrimouna Paquet,executive,Not found,Not found
Bruno Bonnell,executive,1958,Alger
Patrice Louvet,executive,Not found,Not found
Emmanuel Faber,executive,1964,Grenoble
Besma Boumaza,executive,Not found,Not found
Thierry Dassault,executive,1957,Neuilly-sur-Seine
Stephane Marty,executive,Not found,Not found
Charles Edelstenne,executive,Not found,Not found
Marie Habert-Dassault,executive,Not found,Not found
Lucia Thomas,executive,Not found,Not found
Eric Trappier,executive,Not found,Not found
Loik Segalen,executive,Not found,Not found
Henri Proglio,executive,Not found,Not found
Joël Brouty,executive,Not found,Not found
Vincent Dufour,executive,1968,Longjumeau
Mathilde Lemoine,executive,1969,Unknown
Catherine Dassault,executive,Not found,Not found
Olivier Dassault,executive,1951,Boulogne-Billancourt
Richard Bédère,executive,Not found,Not found
Serge Dassault,executive,Not found,Not found
Emmanuel Theret,executive,Not found,Not found
Igor Gauffreteau,executive,Not found,Not found
Pascal Nibaudeau,executive,Not found,Not found
Emmanuel Maygnan,executive,Not found,Not found
Mahkameh Brunel,executive,Not found,Not found
Philippe Vidal,executive,Not found,Not found
Odile Georges-Picot-Marcille,executive,Not found,Not found
Benoit De-Ruffray,executive,Not found,Not found
Carol Xueref,executive,Not found,Not found
Isabelle Salaun,executive,Not found,Not found
Laurent Dupont,executive,Not found,Not found
Marie Lemarie,executive,Not found,Not found
Jean Roverato,executive,Not found,Not found
Jean Guenard,executive,Not found,Not found
Dominique Marcel,executive,Not found,Not found
Bruno Flichy,executive,Not found,Not found
Thérèse Cornil,executive,Not found,Not found
Jean Gilet,executive,Not found,Not found
Jean Rovarato,executive,Not found,Not found
Gildas Gouvazé,executive,Not found,Not found
Michel Giannuzzi,executive,Not found,Not found
Celine Fornaro,executive,Not found,Not found
Marie-claire Daveu,executive,Not found,Not found
Magali Viot,executive,Not found,Not found
Yoan Kosnar,executive,Not found,Not found
Catherine Macgregor,executive,Not found,Not found
Jean Clamadieu,executive,Not found,Not found
Ross Mc-Innes,executive,Not found,Not found
Christophe Agogue,executive,Not found,Not found
Fabrice Bregier,executive,1961,Dijon
Lucie Muniesa,executive,Not found,Not found
Patrice Durand,executive,Not found,Not found
Marie-jose Nadeau,executive,Not found,Not found
Jacinthe Delage,executive,Not found,Not found
Peter Ricketts,executive,1952,Royal Sutton Coldfield
Francoise Malrieu,executive,Not found,Not found
Marie Jego-Laveissiere,executive,Not found,Not found
Alain Beullier,executive,Not found,Not found
Philippe Lepage,executive,Not found,Not found
Christophe Aubert,executive,Not found,Not found
Isabelle Bui-Khoi-Hung,executive,Not found,Not found
Aldo Cardoso,executive,1956,Unknown
Edmond Alphandery,executive,1943,Avignon
Ann Achleitner,executive,Not found,Not found
Catherine Guillouard,executive,Not found,Not found
Barbara Kux,executive,Not found,Not found
Stephane Pallez,executive,Not found,Not found
Olivier Marquer,executive,Not found,Not found
Caroline Simon,executive,Not found,Not found
Gérard Mestrallet,executive,Not found,Not found
Isabelle Kocher,executive,Not found,Not found
Claire Waysand,executive,Not found,Not found
Stéphanie Besnier,executive,Not found,Not found
Francesco Milleri,executive,Not found,Not found
Mario Notari,executive,Not found,Not found
Virginie Pitre,executive,Not found,Not found
Sebastien Brown,executive,Not found,Not found
Margot Bard,executive,Not found,Not found
Marie-christine Roquette,executive,Not found,Not found
Jose Gonzalo,executive,Not found,Not found
Nathalie Von-Siemens,executive,Not found,Not found
Andrea Zappia,executive,Not found,Not found
Swati Piramal,executive,1956,Unknown
Jean-luc Biamonti,executive,Not found,Not found
Paul De-Lasteyrie-Du-Saillant-De-Comborn,executive,Not found,Not found
Cristina Scocchia,executive,Not found,Not found
Romolo Bardin,executive,Not found,Not found
Leonardo Del-Vecchio,executive,Not found,Not found
Ascencao Pereira,executive,Not found,Not found
Delphine Zablocki,executive,Not found,Not found
Juliette Favre,executive,Not found,Not found
Gianni Mion,executive,Not found,Not found
Giovanni Giallombardo,executive,Not found,Not found
Sabrina Pucci,executive,Not found,Not found
Lucia Morselli,executive,Not found,Not found
Jeanette Wong,executive,Not found,Not found
Olivier Pecoux,executive,Not found,Not found
Annette Messemer,executive,Not found,Not found
Laurent Vacherot,executive,Not found,Not found
Bernard Hours,executive,Not found,Not found
Philippe Alfroid,executive,Not found,Not found
Marc Onetto,executive,Not found,Not found
Antoine De-Saint-Affrique,executive,Not found,Not found
Louise Frechette,executive,Not found,Not found
Maureen Cavanagh,executive,Not found,Not found
Henrietta Fore,executive,Not found,Not found
Yi He,executive,Not found,Not found
Franck Henrionnet,executive,Not found,Not found
Benoît Bazin,executive,1968,Boulogne-Billancourt
Hubert Sagnieres,executive,1955,Vienne
Francois Vigneau,executive,Not found,Not found
Delphine De-Sahuguet-D'Amarzit,executive,Not found,Not found
Sebastien Lalevee,executive,Not found,Not found
Blaise Quandalle,executive,Not found,Not found
Camille Leca,executive,Not found,Not found
Maïlys Ferrere,executive,Not found,Not found
Anthony Attia,executive,Not found,Not found
Eric Forest,executive,Not found,Not found
Delphine De-Sahuguet-D-Amarzit,executive,Not found,Not found
Delphine De-Sahuguet-D'Amarzit,executive,Not found,Not found
Delphine D'Amarzit,executive,Not found,Not found
Laurence Dunand-Chatellet,executive,Not found,Not found
Cécile Beliot,executive,Not found,Not found
Bernard Emie,executive,Not found,Not found
Jean-laurent Bonnafe,executive,Not found,Not found
Prescience Assoh,executive,Not found,Not found
Sas Emile-Hermes,executive,Not found,Not found
Estelle Brachlianoff,executive,1972,Neuilly-sur-Seine
Dorothee Altmayer,executive,Not found,Not found
Olympia Guerrand,executive,Not found,Not found
Monique Cohen,executive,Not found,Not found
Axel Dumas,executive,Not found,Not found
Blaise Guerrand,executive,Not found,Not found
Eric De-Seynes,executive,Not found,Not found
Charles-eric Bauer,executive,Not found,Not found
Matthieu Dumas,executive,Not found,Not found
Julie Guerrand,executive,Not found,Not found
Renaud Mommeja,executive,Not found,Not found
Anne-lise Muhlmeyer,executive,Not found,Not found
Alexander Viros,executive,Not found,Not found
Dominique Senequier,executive,1953,Toulon
Pureza Cardoso,executive,Not found,Not found
Remy Kroll,executive,Not found,Not found
Frédéric Afriat,executive,Not found,Not found
Robert Peugeot,executive,1950,Belfort
Sharon Macbeath,executive,Not found,Not found
Luca De-Meo,executive,Not found,Not found
Giovanna Melandri,executive,1962,New York
Dominique D'Hinnin,executive,Not found,Not found
Xiaoying Duan,executive,Not found,Not found
Maureen Chiquet,executive,1963,Saint-Louis (Missouri)
Vincent Schaal,executive,Not found,Not found
Yonca Dervisoglu,executive,Not found,Not found
Serge Weinberg,executive,1951,Boulogne-Billancourt
Véronique Weill,executive,Not found,Not found
Concetta Battaglia,executive,Not found,Not found
Pinault Financiere,executive,Not found,Not found
Francois Pinault,executive,Not found,Not found
Jean-pierre Denis,executive,Not found,Not found
Baudouin Prot,executive,1951,Paris 17
Tidjane Thiam,executive,Not found,Not found
Emma Watson,executive,Not found,Not found
Jean-francois Palus,executive,Not found,Not found
Daniela Riccardi,executive,Not found,Not found
Qing Liu,executive,Not found,Not found
Claire Lacaze,executive,Not found,Not found
Yseulys Munier,executive,Not found,Not found
Marie L'Helias,executive,Not found,Not found
Ginevra Elkann,executive,Not found,Not found
Sapna Sood,executive,Not found,Not found
Patricia Barbizet,executive,1955,Unknown
Sophie Bouchillou,executive,Not found,Not found
Laurence Boone,executive,1969,Boulogne-Billancourt
Baudoin Prot,executive,Not found,Not found
Quing Liu,executive,Not found,Not found
Aurélie Jean,executive,Not found,Not found
Tethys,executive,Not found,Not found
Isabelle Seillier,executive,Not found,Not found
Jacques Ripoll,executive,Not found,Not found
Benny De-Vlieger,executive,Not found,Not found
Thierry Hamel,executive,Not found,Not found
Alexandre Ricard,executive,1972,Boulogne-Billancourt
Nicolas Hieronimus,executive,1964,Paris
Ilham Kadri,executive,1969,Casablanca
Nicolas Meyers,executive,Not found,Not found
Fabienne Dulac,executive,Not found,Not found
Christophe Babule,executive,Not found,Not found
Patrice Caine,executive,Not found,Not found
Paul Bulcke,executive,1954,Roulers
Beatrice Grabisch,executive,Not found,Not found
Sophie Bellon,executive,Not found,Not found
Jean-victor Meyers,executive,Not found,Not found
Jean-paul Agon,executive,Not found,Not found
Francoise Bettencourt-Meyers,executive,Not found,Not found
Virginie Morgon,executive,Not found,Not found
Belen Garijo,executive,Not found,Not found
Ana De-Melo-Osorio-Do-Amaral-Aparicio-Lopes,executive,Not found,Not found
Georges Liarokapis,executive,Not found,Not found
Bernard Kasriel,executive,Not found,Not found
Eileen Naughton,executive,Not found,Not found
Axel Dumas,executive,1970,Neuilly-sur-Seine
Christian Mulliez,executive,Not found,Not found
Xavier Fontanet,executive,Not found,Not found
Charles Filippi,executive,Not found,Not found
Peter Brabeck-Letmathe,executive,Not found,Not found
Benny De-Vlierger,executive,Not found,Not found
Jean Meyers,executive,Not found,Not found
Morgan Malecotte,executive,Not found,Not found
Sophie Camalon,executive,Not found,Not found
Antoine Burel,executive,Not found,Not found
Delphine Camilleri,executive,Not found,Not found
Legrand,executive,Not found,Not found
David Descamps,executive,Not found,Not found
Bruno Debatisse,executive,Not found,Not found
Philippe Jeulin,executive,Not found,Not found
Benoît Coquart,executive,1973,Unknown
Patrice Soudan,executive,Not found,Not found
Alexandre Arnault,executive,1992,Neuilly-sur-Seine
Wei Christianson,executive,Not found,Not found
Frederic Arnault,executive,Not found,Not found
Henri De-La-Croix-De-Castries,executive,Not found,Not found
Laurent Mignon,executive,1963,Paris
Bernard Arnault,executive,Not found,Not found
Marie-veronique Belloeil-Melkin,executive,Not found,Not found
Dominique Aumont,executive,Not found,Not found
Sophie Chassat,executive,Not found,Not found
Natacha Valla,executive,1976,Marseille
Clara Gaymard,executive,1960,Unknown
Marie-laure Hannezo,executive,Not found,Not found
Marie-josee Kravis,executive,Not found,Not found
Antoine Arnault,executive,1977,Roubaix
Hubert Vedrine,executive,1947,Bellegarde-en-Marche
Delphine Arnault,executive,1975,Roubaix
Antonio Belloni,executive,1954,Unknown
Yves-thibault De-Silguy,executive,Not found,Not found
Nicolas Bazire,executive,1957,Fort-de-France
Charles Wiener-De-Croisset,executive,Not found,Not found
Diego Della-Valle,executive,Not found,Not found
Iris Knobloch,executive,1963,Munich
Charles Powell,executive,Not found,Not found
Bernadette Chirac,executive,1933,Paris 16
Pierre Gode,executive,Not found,Not found
Albert Frere,executive,1926,Fontaine-l'Évêque
Victoire De-Lajudie,executive,Not found,Not found
Florent Menegaux,executive,Not found,Not found
Yves Chapot,executive,Not found,Not found
Carine Damois,executive,Not found,Not found
Nour Bouhassoun,executive,Not found,Not found
Michelin Compagnie-Generale-Des-Etablissements,executive,Not found,Not found
Spika,executive,Not found,Not found
Services Michelin-Air,executive,Not found,Not found
Michelin Societe-De-Gerance-De-La-Manufacture,executive,Not found,Not found
Emmanuel Pasquier,executive,Not found,Not found
Lorenzo Rosso,executive,Not found,Not found
Rémi De-Verdilhac,executive,Not found,Not found
Bénédicte De-Bonnechose,executive,Not found,Not found
Marc Henry,executive,Not found,Not found
Jean Senard,executive,Not found,Not found
Benoit Balmary,executive,Not found,Not found
Xavier Jeanson,executive,Not found,Not found
Louis Chodron-De-Courcel,executive,Not found,Not found
Christian Tschann,executive,Not found,Not found
Jean Moreau,executive,Not found,Not found
Pierre Chaussoneaux,executive,Not found,Not found
Gilles Grapinet,executive,Not found,Not found
Momar Nguer,executive,Not found,Not found
Celine Fornaro,executive,Not found,Not found
Jacques Aschenbroich,executive,1954,Lyon
Valerie Beaulieu,executive,Not found,Not found
Christel Heydemann,executive,1974,Clamart
Vincent Gimeno,executive,Not found,Not found
Frederic Sanchez,executive,Not found,Not found
Anne Heilbronner,executive,Not found,Not found
Sebastien Crozier,executive,Not found,Not found
Alexandre Bompard,executive,Not found,Not found
Anne Lange,executive,Not found,Not found
Participations Bpifrance,executive,Not found,Not found
Magali Vallee,executive,Not found,Not found
Thierry Chatelier,executive,Not found,Not found
Jean-michel Severino,executive,Not found,Not found
Bernard Ramanantsoa,executive,1948,Mulhouse
Ramon Fernandez,executive,Not found,Not found
Laurence Dalboussière,executive,Not found,Not found
Stéphane Richard,executive,Not found,Not found
Gervais Pellissier,executive,Not found,Not found
Helle Hasle,executive,Not found,Not found
Fabrice Jolys,executive,Not found,Not found
René Ollier,executive,Not found,Not found
Claire Vernet-Garnier,executive,Not found,Not found
Helene Dantoine,executive,Not found,Not found
Philippe Charry,executive,Not found,Not found
Charles Filippi,executive,Not found,Not found
Luc Marino,executive,Not found,Not found
Parimouna Paquet,executive,Not found,Not found
Lucie Muniesa,executive,Not found,Not found
Pierre Louette,executive,1962,Paris
Hélène Marcy,executive,Not found,Not found
Daniel Guillot,executive,Not found,Not found
Ghislaine Coinaud,executive,Not found,Not found
Daniel Bertho,executive,Not found,Not found
José Duran,executive,Not found,Not found
Stéphanie Besnier,executive,Not found,Not found
Jean Lemierre,executive,1950,Sainte-Adresse
Albert Baladi-Moanack,executive,Not found,Not found
Max Koeune,executive,Not found,Not found
Carla Greggio,executive,Not found,Not found
Brice Thommen,executive,Not found,Not found
Virginie Fauvel,executive,1974,Firminy
Philippe Petitcolin,executive,1952,Saint-Mihiel
Patricia Barbizet,executive,1955,Unknown
Ricard Societe-Paul,executive,Not found,Not found
Anne Lange,executive,Not found,Not found
Kory Sorenson,executive,Not found,Not found
Veronica Vargas-Giron,executive,Not found,Not found
Ian Gallienne,executive,Not found,Not found
Cesar Giron,executive,Not found,Not found
Alexandre Ricard,executive,Not found,Not found
Namita Shah,executive,Not found,Not found
Wolfgang Colberg,executive,Not found,Not found
Maria Carrasco-Lopez,executive,Not found,Not found
Stéphane Emery,executive,Not found,Not found
Esther Berrozpe-Galindo,executive,Not found,Not found
Gilles Samyn,executive,Not found,Not found
Manousos Charkoftakis,executive,Not found,Not found
Sylvain Carre,executive,Not found,Not found
Martina Gonzalez-Gallarza,executive,Not found,Not found
Pierre Pringuet,executive,1950,Paris
Nicole Bouton,executive,Not found,Not found
Tidjane Thiam,executive,Not found,Not found
Patricia Velay,executive,Not found,Not found
Antonella Mei,executive,Not found,Not found
Suzan Levine,executive,Not found,Not found
Pierre Penicaud,executive,Not found,Not found
Elisabeth Badinter,executive,1944,Boulogne-Billancourt
Arthur Sadoun,executive,1971,Dourdan
Andre Kudelski,executive,Not found,Not found
Thomas Glocer,executive,Not found,Not found
Jean Charest,executive,Not found,Not found
Marie-josee Kravis,executive,Not found,Not found
Simon Badinter,executive,Not found,Not found
Sophie Dulac,executive,,Unknown
Loris Nold,executive,Not found,Not found
Maurice Levy,executive,Not found,Not found
Anne-gabrielle Lahoud,executive,Not found,Not found
Michel Proch,executive,Not found,Not found
Stephen King,executive,Not found,Not found
Cherie Nursalim,executive,Not found,Not found
Enrico Letta,executive,Not found,Not found
Jean Etienne,executive,Not found,Not found
Marie Mayer,executive,Not found,Not found
Véronique Morali,executive,Not found,Not found
Claudine Bienaime,executive,Not found,Not found
Michel Cicurel,executive,1947,Cannes
Sophie Badinter,executive,Not found,Not found
Jerry Greenberg,executive,Not found,Not found
Sébastien Jacquet,executive,Not found,Not found
Armelle De-Madre,executive,Not found,Not found
François Provost,executive,Not found,Not found
Anne-laure Parrical-De-Chammard,executive,Not found,Not found
Pierre Loing,executive,Not found,Not found
Michelle Baron,executive,Not found,Not found
Constance Marechel-Derau,executive,Not found,Not found
Eric Vidal,executive,Not found,Not found
Alexis Zajdenweber,executive,Not found,Not found
Bernard Delpit,executive,Not found,Not found
Noel Desgrippes,executive,Not found,Not found
Jean-dominique Senard,executive,Not found,Not found
Annette Winkler,executive,1959,Wiesbaden
Pierre Fleuriot,executive,Not found,Not found
Miriem Bensalah-Chaqroun,executive,1962,Casablanca
Richard Gentil,executive,Not found,Not found
Luca De-Meo,executive,Not found,Not found
Joji Tagawa,executive,Not found,Not found
Thomas Courbe,executive,Not found,Not found
Catherine Barba,executive,1973,Rueil-Malmaison
Marie-annick Darmaillac,executive,Not found,Not found
Yu Serizawa,executive,Not found,Not found
Eric Personne,executive,Not found,Not found
Frederic Barrat,executive,Not found,Not found
Frédéric Mazzella,executive,Not found,Not found
Vincent Le-Biez,executive,Not found,Not found
Frédéric Mazella,executive,Not found,Not found
Martin Vial,executive,Not found,Not found
Pascale Sourisse,executive,1962,Nantes
Patrick Thomas,executive,1947,Dijon
Benoît Ostertag,executive,Not found,Not found
Thierry Derez,executive,Not found,Not found
Ronghong Qiu,executive,Not found,Not found
Yasuhiro Yamauchi,executive,Not found,Not found
Thierry Bollore,executive,Not found,Not found
Philippe Lagayette,executive,Not found,Not found
Cherie Blair,executive,1954,Bury
Pascal Faure,executive,Not found,Not found
Marc Ladreit-De-Lacharriere,executive,Not found,Not found
Thierry Desmarest,executive,Not found,Not found
Franck Riboud,executive,1955,Lyon
Alain Belda-Fernandez,executive,Not found,Not found
Dominique Payen-De-La-Garanderie,executive,Not found,Not found
Amelle De-Madre,executive,Not found,Not found
Carlos Ghosn-Bichara,executive,Not found,Not found
Valérie Baudson,executive,1971,Paris
Pascale Clin,executive,Not found,Not found
Ivan Hardouin,executive,Not found,Not found
Fabrice Bregier,executive,1961,Dijon
Celine Fornaro,executive,Not found,Not found
Robert Peugeot,executive,Not found,Not found
Christele Debarenne-Fievet,executive,Not found,Not found
Alexandre Lahousse,executive,Not found,Not found
Fabienne Lecorvaisier,executive,Not found,Not found
Olivier Andriès,executive,Not found,Not found
Patricia Bellinger,executive,Not found,Not found
Anne Aubert,executive,Not found,Not found
Laurent Guillot,executive,1969,Unknown
Patrick Pélata,executive,1955,Unknown
Monique Cohen,executive,Not found,Not found
Ross Mc-Innes,executive,Not found,Not found
Helene Potier,executive,Not found,Not found
Marc Aubry,executive,Not found,Not found
Herve Chaillou,executive,Not found,Not found
Jean Chameau,executive,Not found,Not found
Stéphanie Besnier,executive,Not found,Not found
Sophie Zurquiyah,executive,1966,Unknown
Sas F&P,executive,Not found,Not found
Daniel Mazaltarim,executive,Not found,Not found
Vincent Imbert,executive,Not found,Not found
Didier Domange,executive,Not found,Not found
Suzanne Kucharekova,executive,Not found,Not found
Odile Desforges,executive,Not found,Not found
Philippe Petitcolin,executive,1952,Saint-Mihiel
Hélène Dantoine,executive,Not found,Not found
Fernanda Saraiva,executive,Not found,Not found
Gérard Mardiné,executive,Not found,Not found
Brigitte Lesschaeve,executive,Not found,Not found
Eliane Copin,executive,Not found,Not found
Caroline Laurent,executive,1963,Versailles
Patrick Gandil,executive,Not found,Not found
Lucie Muniesa,executive,Not found,Not found
Christian Streiff,executive,Not found,Not found
Jean Forneri,executive,Not found,Not found
Frédéric Bourges,executive,Not found,Not found
Giovanni Bisignani,executive,1946,Rome
Xavier Lagarde,executive,Not found,Not found
Elisabeth Lulin,executive,Not found,Not found
Ross Innes,executive,Not found,Not found
Céline Fornano,executive,Not found,Not found
Céline Fornaro,executive,Not found,Not found
Aymeric Renaud,executive,Not found,Not found
Laurent Bataille,executive,1955,Unknown
Christel Heydemann,executive,1974,Clamart
Laura Barlow,executive,Not found,Not found
Olivier Klein,executive,1967,Unknown
Ingrid-helen Arnold,executive,Not found,Not found
Pierre Palmieri,executive,Not found,Not found
Benoit De-Ruffray,executive,Not found,Not found
Maria Ekman,executive,Not found,Not found
Slawomir Krupa,executive,1974,Bourgas
Henri Poupart-Lafarge,executive,1969,Nancy
Sebastien Wetter,executive,Not found,Not found
Johan Praud,executive,Not found,Not found
Annette Messemer,executive,Not found,Not found
Diane Côté,executive,Not found,Not found
Jerome Contamine,executive,Not found,Not found
William Connelly,executive,Not found,Not found
Lorenzo Bini-Smaghi,executive,Not found,Not found
France Houssaye,executive,Not found,Not found
Beatrice Dumurgier,executive,Not found,Not found
Frederic Oudea,executive,Not found,Not found
Dioni Lebot,executive,Not found,Not found
Kyra Hazou,executive,Not found,Not found
Gerard Mestrallet,executive,1949,Paris
Juan Nin-Genova,executive,Not found,Not found
David Leroux,executive,Not found,Not found
Jean Levy,executive,Not found,Not found
Séverin Cabannes,executive,Not found,Not found
Philippe Heim,executive,1968,Sarreguemines
Nathalie Rachou,executive,Not found,Not found
Philippe Aymerich,executive,Not found,Not found
Robert Castaigne,executive,Not found,Not found
Béatrice Lepagnol,executive,Not found,Not found
Ana Llopis-Rivas,executive,Not found,Not found
Bernardo Sanchez-Incera,executive,Not found,Not found
Lubomira Rochet,executive,1977,Unknown
Didier Valet,executive,Not found,Not found
Barbara Dalibard,executive,Not found,Not found
Alexandra Schaapveld,executive,Not found,Not found
Xavier Chereau,executive,Not found,Not found
François Fay,executive,Not found,Not found
Frederique Messeri,executive,Not found,Not found
Florent Berthelot,executive,Not found,Not found
Laurent Malier,executive,Not found,Not found
Marie-france Florentin,executive,Not found,Not found
Claude Morant,executive,Not found,Not found
Thierry Tingaud,executive,Not found,Not found
Jocelyne Garnier,executive,Not found,Not found
Patrick Galloy,executive,Not found,Not found
Carlo Ferro,executive,Not found,Not found
Gérard Matheron,executive,Not found,Not found
Stéphane Jubault,executive,Not found,Not found
Valérie Guillemet,executive,Not found,Not found
Ruby Mcgregor-Smith,executive,Not found,Not found
Alexis Zajdenweber,executive,Not found,Not found
Loic Rocard,executive,Not found,Not found
Marianna Nitsch,executive,Not found,Not found
Anne Rigail,executive,1969,Metz
Bernard Fontana,executive,1961,Toamasina
Patrice Caine,executive,1970,Paris 15
Loik Segalen,executive,Not found,Not found
Marie-francoise Walbaum,executive,Not found,Not found
Anne-claire Meyer,executive,Not found,Not found
Philippe Lepinay,executive,Not found,Not found
Eric Trappier,executive,Not found,Not found
Delphine Stephann,executive,Not found,Not found
Anne-marie Schmit,executive,Not found,Not found
Nadine Relier-David,executive,Not found,Not found
Charles Edelstenne,executive,Not found,Not found
Ann Taylor,executive,Not found,Not found
Emmanuel Moulin,executive,1968,Versailles
Philippe Knoche,executive,1969,Strasbourg
Armelle De-Madre,executive,Not found,Not found
Frédérique Sainct,executive,Not found,Not found
Delphine De-Sahuguet-D'Amarzit,executive,Not found,Not found
Laurence Broseta,executive,Not found,Not found
Odile Basso,executive,Not found,Not found
Yannick D'-Escatha,executive,Not found,Not found
Guylaine Dyevre,executive,Not found,Not found
Laurent Collet-Billon,executive,1950,Unknown
Martin Vial,executive,1954,Lyon
Heyoung Lee,executive,Not found,Not found
Laurent Mignon,executive,1963,Paris
Marie-ange Debon,executive,Not found,Not found
Dierk Paskert,executive,Not found,Not found
Anelise Quintao-Lara,executive,Not found,Not found
Jacques Aschenbroich,executive,1954,Lyon
Robert Hubbard,executive,Not found,Not found
Angel Pobo,executive,Not found,Not found
Romain Garcia-Ivaldi,executive,Not found,Not found
Lise Croteau,executive,Not found,Not found
Valérie Della-Puppa,executive,Not found,Not found
Mark Cutifani,executive,1958,Unknown
Patrick Pouyanne,executive,Not found,Not found
Marie Coisne,executive,Not found,Not found
Emma De-Jonge,executive,Not found,Not found
Jean Lemierre,executive,1950,Sainte-Adresse
Maria Van-Der-Hoeven,executive,Not found,Not found
Anne Idrac,executive,Not found,Not found
Jerome Contamine,executive,Not found,Not found
Patricia Barbizet,executive,1955,Unknown
Patrick Artus,executive,1951,Lille
Romain Garcia-Ivaldi,executive,Not found,Not found
Christine Renaud,executive,Not found,Not found
Carlos Antunes-Tavares-Dias,executive,Not found,Not found
Gérard Lamarche,executive,Not found,Not found
Renata Perycz,executive,Not found,Not found
Marc Blanc,executive,Not found,Not found
Barbara Kux,executive,Not found,Not found
Paul Desmarais,executive,Not found,Not found
Kathleen Verelst,executive,Not found,Not found
Jules Niel,executive,Not found,Not found
Michael Boukobza,executive,Not found,Not found
Jacques Richier,executive,1955,Unknown
Sara Nelson,executive,Not found,Not found
Vincent Rouget,executive,Not found,Not found
Anne-sophie Bohuon,executive,Not found,Not found
Sylvain Montcouquiol,executive,Not found,Not found
Aline Walbaum,executive,Not found,Not found
Julie Avrane,executive,Not found,Not found
Xavier Niel,executive,1967,Maisons-Alfort
Fabrice Mouchel,executive,Not found,Not found
Roderick Munsters,executive,Not found,Not found
Jean-marie Tritant,executive,Not found,Not found
Susana Gallardo-Torrededia,executive,Not found,Not found
Michel Dessolain,executive,Not found,Not found
Cecile Cabanis,executive,Not found,Not found
Dagmar Kollmann,executive,Not found,Not found
Caroline Puechoultres,executive,Not found,Not found
John Mcfarlane,executive,Not found,Not found
Olivier Bossard,executive,Not found,Not found
Astrid Panosyan,executive,1971,Paris 14
Colin Dyer,executive,Not found,Not found
Jill Granoff,executive,Not found,Not found
Christophe Cuvillier,executive,1962,Etterbeek
Jacob Tonckens,executive,Not found,Not found
Philippe Collombel,executive,Not found,Not found
Jacqueline Tammenoms-Bakker,executive,Not found,Not found
Sophie Stabile,executive,Not found,Not found
Jacques Stern,executive,Not found,Not found
Mary Harris,executive,Not found,Not found
Peter Lowy,executive,Not found,Not found
Jean Laurens,executive,Not found,Not found
Alexander Pelmore,executive,Not found,Not found
Robert Ter-Haar,executive,Not found,Not found
Yves Lyon-Caen,executive,Not found,Not found
Leon Bressler,executive,Not found,Not found
Robert Van-Oordt,executive,Not found,Not found
Joost Bomhoff,executive,Not found,Not found
Hubertus Okkens,executive,Not found,Not found
Karel Ledeboer,executive,Not found,Not found
Josephus Westerburgen,executive,Not found,Not found
Elena Salgado-Mendez,executive,Not found,Not found
Arnaud Caudoux,executive,Not found,Not found
Philippe Brassac,executive,1959,Nîmes
Julia Marton-Lefevre,executive,Not found,Not found
Veronique Bedague,executive,Not found,Not found
Olivier Andries,executive,Not found,Not found
Estelle Brachlianoff,executive,1972,Neuilly-sur-Seine
Agata Mazurek-Bak,executive,Not found,Not found
Pierre De-Chalendar,executive,Not found,Not found
Franck Le-Roux,executive,Not found,Not found
Guillaume Texier,executive,Not found,Not found
Isabelle Courville,executive,Not found,Not found
Pavel Pasa,executive,Not found,Not found
Maryse Aulagnon,executive,Not found,Not found
Antoine Frerot,executive,Not found,Not found
Francisco Reynes-Massanet,executive,Not found,Not found
Marion Guillou,executive,1954,Marseille
Nathalie Rachou,executive,Not found,Not found
Louis Schweitzer,executive,Not found,Not found
Clara Gaymard,executive,1960,Unknown
Consignations Caisse-Des-Depots-Et,executive,Not found,Not found
Jacques Aschenbroich,executive,1954,Lyon
Paolo Scaroni,executive,1946,Vicence
Baudoin Prot,executive,Not found,Not found
Homaira Akbari,executive,Not found,Not found
Pierre Victoria,executive,Not found,Not found
Daniel Bouton,executive,Not found,Not found
Qatar Qatari-Diar-Real-Estate-Investment-Company---Registre-Public-:-29721,executive,Not found,Not found
Frédéric Nougarède,executive,Not found,Not found
Pierre Anjolras,executive,1966,Thonon-les-Bains
Victoria Zingoni-Dominguez-Maria,executive,Not found,Not found
Karla Bertocco-Trindade,executive,Not found,Not found
Carlos Aguilar,executive,Not found,Not found
Annette Messemer,executive,Not found,Not found
Roberto Migliardi,executive,Not found,Not found
Claude Laruelle,executive,Not found,Not found
Alain Saïd,executive,Not found,Not found
Benoit Bazin,executive,Not found,Not found
Caroline Gregoire-Sainte-Marie,executive,Not found,Not found
Rene Medori,executive,Not found,Not found
Xavier Huillard,executive,Not found,Not found
Marie-christine Lombard,executive,Not found,Not found
Yannick Assouad,executive,Not found,Not found
Dominique Joly-Pottuz,executive,Not found,Not found
Graziella Gavezotti,executive,Not found,Not found
Llc Qatar-Holding,executive,Not found,Not found
Ana Machado-Pessoa,executive,Not found,Not found
Robert Castaigne,executive,Not found,Not found
Pascale Sourisse,executive,1962,Nantes
Roberto Castaigne,executive,Not found,Not found
Robet Migliardi,executive,Not found,Not found
Pascale Sourisse,executive,1962,Nantes
Miloud Hakimi,executive,Not found,Not found
Yves De-Silguy,executive,Not found,Not found
Uwe Chlebos,executive,Not found,Not found
Michael Pragnell,executive,Not found,Not found
Jean Lamoure,executive,Not found,Not found
Josiane Marquez,executive,Not found,Not found
Henri Saint-Olive,executive,Not found,Not found
Philippe Relland-Bernard,executive,Not found,Not found
Ilan Ouanounou,executive,Not found,Not found
Arnaud Erulin,executive,Not found,Not found
Patrick Langlois,executive,Not found,Not found
Julien Tanguy,executive,1825,Plédran en Bretagne
Vianney Du-Parc,executive,Not found,Not found
Partick Bataillard,executive,Not found,Not found
Patrick Bataillard,executive,Not found,Not found
Bernard Osta,executive,Not found,Not found
Laure Delahousse,executive,Not found,Not found
Céline Merle-Beral,executive,Not found,Not found
François Laroze,executive,Not found,Not found
Maud Fontenoy,executive,1977,Meaux
Laurent Dassault,executive,1953,Neuilly-sur-Seine
Sandrine Le-Bihan,executive,Not found,Not found
Yannick Bolloré,executive,1980,Neuilly-sur-Seine
Frédéric Crepin,executive,Not found,Not found
Catherine Lawson,executive,Not found,Not found
Katie Jacobs-Stanton,executive,Not found,Not found
Philippe Benacin,executive,Not found,Not found
Arnaud Roy-De-Puyfontaine,executive,Not found,Not found
Philippe Labro,executive,Not found,Not found
Véronique Argentin,executive,Not found,Not found
Nicusor Cojocaru,executive,Not found,Not found
Sébastien Bollore,executive,Not found,Not found
Cyrille Bollore,executive,1985,Neuilly-sur-Seine
Michele Reiser,executive,Not found,Not found
Paulo Cardoso,executive,Not found,Not found
Group Mont-Pierson,executive,Not found,Not found
William Gates,executive,1955,Seattle
Lucie Strnadova,executive,Not found,Not found
Maxime Saada,executive,1970,Paris
Claire Leost,executive,Not found,Not found
Athina Vasilogiannaki,executive,Not found,Not found
Dominique Delport,executive,1967,Toulouse
Cédric De-Bailliencourt,executive,Not found,Not found
Gilles Alix,executive,Not found,Not found
Stéphane Roussel,executive,1961,Paris 16
Hervé Philippe,executive,Not found,Not found
Simon Gillham,executive,1956,Letchworth Garden Cit
Aliza Jabes,executive,Not found,Not found
Vincent Bolloré,executive,1952,Boulogne-Billancourt
Tarak Ben-Ammar,executive,Not found,Not found
Virginie Morgon,executive,1969,Lyon
Alexandre Begougne-De-Juniac,executive,Not found,Not found
Yseulys Costes,executive,Not found,Not found
Pascal Cagni,executive,1961,Cernay
Nathalie Bricault,executive,Not found,Not found
Cédric De-Bailliencourt-Dit-Courcol,executive,Not found,Not found
Bénédicte Bedry,executive,Not found,Not found
Xavier Morel,executive,Not found,Not found
Frederic Wiscart,executive,Not found,Not found
Lionel Duparay,executive,Not found,Not found
Nathalie Michel,executive,Not found,Not found
Stephanie Hartanerot,executive,Not found,Not found
Francois Reygrobellet,executive,Not found,Not found
Jean-baptiste Eymeoud,executive,Not found,Not found
Anne Chauveau-Galas-Bouriaud,executive,Not found,Not found
Olivier Duband,executive,Not found,Not found
Olivier Chantal,executive,Not found,Not found
Marc Ehret,executive,Not found,Not found
Alexandre Dandoy,executive,Not found,Not found
Charlie Vacher,executive,Not found,Not found
Rodolfo Savitzky,executive,Not found,Not found
Jérôme Grivet,executive,Not found,Not found
Pierre-antoine Vacheron,executive,Not found,Not found
Wilfried Verstraete,executive,Not found,Not found
Agnes Gouge,executive,Not found,Not found
Sylvia Steinmann,executive,Not found,Not found
Stephan Van-Hellemont,executive,Not found,Not found
Zeynep Somer-Ozelgin,executive,Not found,Not found
Thierry Sommelet,executive,Not found,Not found
Michael Stollarz,executive,Not found,Not found
Daniel Schmucki,executive,Not found,Not found
Marie-christine Lebert,executive,Not found,Not found
Mette Kamsvag,executive,Not found,Not found
Aldo Cardoso,executive,Not found,Not found
Giulia Fitzpatrick,executive,Not found,Not found
Olivier Gavalda,executive,Not found,Not found
Marc-henri Desportes,executive,Not found,Not found
Paul Grapinet,executive,Not found,Not found
Agnes Audier,executive,Not found,Not found
Caroline Parot,executive,Not found,Not found
Georges Pauget,executive,Not found,Not found
Lorenz Habsburg-Lothringen,executive,Not found,Not found
Gilles Arditti,executive,Not found,Not found
Danielle Lagarde,executive,Not found,Not found
Bernard Bourigeaud,executive,Not found,Not found
Olivier Lorieau,executive,Not found,Not found
Susan Tolson,executive,Not found,Not found
Luc Remont,executive,Not found,Not found
Arnaud Lucien,executive,Not found,Not found
Ursula Morgenstern,executive,Not found,Not found
Romeo Lacher,executive,Not found,Not found
Sophie Houssiaux,executive,Not found,Not found
Thierry Breton,executive,Not found,Not found
Franck Chartier,executive,Not found,Not found
Raoul Roth,executive,Not found,Not found
Yannick Tricaud,executive,Not found,Not found
Jean Simon,executive,Not found,Not found
Sophie Neron-Berger,executive,Not found,Not found
Bruno Vaquette,executive,Not found,Not found
Anna Notarianni,executive,Not found,Not found
Olivier Pulliat,executive,Not found,Not found
Cedric Barthelemy,executive,Not found,Not found
Guillaume Andre,executive,Not found,Not found
Vincent Pelloquin,executive,Not found,Not found
Florent Canac,executive,Not found,Not found
Olivier Buecher,executive,Not found,Not found
Louis Figon,executive,Not found,Not found
Thierry Flandre,executive,Not found,Not found
Frederic Delpy,executive,Not found,Not found
Helene Constans,executive,Not found,Not found
Lionel Bourbon,executive,Not found,Not found
Jean-philippe Thierry,executive,Not found,Not found
Nicolas Sarazin,executive,Not found,Not found
Jean-marc Golberg,executive,Not found,Not found
Stéphane Venon,executive,Not found,Not found
Denis Garant,executive,Not found,Not found
Noël Le-Floch,executive,Not found,Not found
Pablo Libreros,executive,Not found,Not found
Philippe Hug,executive,Not found,Not found
William De-Lumley-Woodyear,executive,Not found,Not found
Eric Prieur,executive,Not found,Not found
Bernard Gusparo,executive,Not found,Not found
Gérard Peynot,executive,Not found,Not found
Philippe Malet,executive,Not found,Not found
Emmanuel Garcia,executive,Not found,Not found
Marie-anne Sparks,executive,Not found,Not found
Alexia Latortue,executive,Not found,Not found
Isabelle Bui-Khoi-Hung,executive,Not found,Not found
Nora Karageorgieva,executive,Not found,Not found
Christophe Le-Roy,executive,Not found,Not found
Sarah Miche-De-Malleray,executive,Not found,Not found
Alban Durmaz,executive,Not found,Not found
Xavier Girre,executive,Not found,Not found
Judith Hartmann,executive,Not found,Not found
Thierry Deau,executive,Not found,Not found
Jeremy Chauveau,executive,Not found,Not found
Antoine Lissowski,executive,Not found,Not found
Antoine Kerrenneur,executive,Not found,Not found
Agrawal Deepak,executive,Not found,Not found
Antoine Saintoyant,executive,Not found,Not found
Kenji Hashimoto,executive,Not found,Not found
Pierre Pauliac,executive,Not found,Not found
Yves Rannou,executive,Not found,Not found
Sabrina Bauer,executive,Not found,Not found
Stephane Dedeyan,executive,Not found,Not found
Julien Touati,executive,Not found,Not found
Sandrine Goldenberg,executive,Not found,Not found
Mehmet Erginbilgic,executive,Not found,Not found
Massimiliano Pellegrini,executive,Not found,Not found
Michael O'Sullivan,executive,Not found,Not found
Ana Giros-Calpe,executive,Not found,Not found
Daniel Thebert,executive,Not found,Not found
Valérie Baudson,executive,Not found,Not found
Pascale Clin,executive,Not found,Not found
Ivan Hardouin,executive,Not found,Not found
Fabrice Bregier,executive,Not found,Not found
Celine Fornaro,executive,Not found,Not found
Robert Peugeot,executive,Not found,Not found
Christele Debarenne-Fievet,executive,Not found,Not found
Alexandre Lahousse,executive,Not found,Not found
Fabienne Lecorvaisier,executive,Not found,Not found
Olivier Andriès,executive,Not found,Not found
Patricia Bellinger,executive,Not found,Not found
Anne Aubert,executive,Not found,Not found
Laurent Guillot,executive,Not found,Not found
Patrick Pélata,executive,Not found,Not found
Monique Cohen,executive,Not found,Not found
Ross Mc-Innes,executive,Not found,Not found
Helene Potier,executive,Not found,Not found
Marc Aubry,executive,Not found,Not found
Herve Chaillou,executive,Not found,Not found
Jean Chameau,executive,Not found,Not found
Stéphanie Besnier,executive,Not found,Not found
Sophie Zurquiyah,executive,Not found,Not found
Sas F&P,executive,Not found,Not found
Daniel Mazaltarim,executive,Not found,Not found
Vincent Imbert,executive,Not found,Not found
Didier Domange,executive,Not found,Not found
Suzanne Kucharekova,executive,Not found,Not found
Odile Desforges,executive,Not found,Not found
Philippe Petitcolin,executive,Not found,Not found
Hélène Dantoine,executive,Not found,Not found
Fernanda Saraiva,executive,Not found,Not found
Gérard Mardiné,executive,Not found,Not found
Brigitte Lesschaeve,executive,Not found,Not found
Eliane Copin,executive,Not found,Not found
Caroline Laurent,executive,Not found,Not found
Patrick Gandil,executive,Not found,Not found
Lucie Muniesa,executive,Not found,Not found
Christian Streiff,executive,Not found,Not found
Jean Forneri,executive,Not found,Not found
Frédéric Bourges,executive,Not found,Not found
Giovanni Bisignani,executive,Not found,Not found
Xavier Lagarde,executive,Not found,Not found
Elisabeth Lulin,executive,Not found,Not found
Ross Innes,executive,Not found,Not found
Céline Fornano,executive,Not found,Not found
Céline Fornaro,executive,Not found,Not found
Karine Puget,executive,Not found,Not found
Edouard Henry,executive,Not found,Not found
Mohamed Kallala,executive,Not found,Not found
Philippe Setbon,executive,Not found,Not found
Lionel Baud,executive,Not found,Not found
Delphine Maisonneuve,executive,Not found,Not found
Laurent Seyer,executive,Not found,Not found
Laurent Roubin,executive,Not found,Not found
Dominique Garnier,executive,Not found,Not found
Nicolas Namias,executive,Not found,Not found
Dominique Duband,executive,Not found,Not found
Christophe Pinault,executive,Not found,Not found
Catherine Pariset,executive,Not found,Not found
Sylvie Garcelon,executive,Not found,Not found
Anne Lalou,executive,Not found,Not found
Bpce,executive,Not found,Not found
Catherine Garde,executive,Not found,Not found
Catherine Leblanc,executive,Not found,Not found
Nicolas Bellet-De-Tavernost,executive,Not found,Not found
Stephanie Paix,executive,Not found,Not found
Valerie Savani,executive,Not found,Not found
Philippe Hourdain,executive,Not found,Not found
Diane De-Milhe-De-Saint-Victor,executive,Not found,Not found
Laurent Mignon,executive,Not found,Not found
Didier Dousset,executive,Not found,Not found
Daniel De-Robillard-De-Beaurepaire,executive,Not found,Not found
Bernard Oppetit,executive,Not found,Not found
Nicole Etchegoinberry,executive,Not found,Not found
Alain Condaminas,executive,Not found,Not found
François Riahi,executive,Not found,Not found
Bernard Dupouy,executive,Not found,Not found
Thierry Cahn,executive,Not found,Not found
Françoise Lemalle,executive,Not found,Not found
Philippe Sueur,executive,Not found,Not found
Henri Proglio,executive,Not found,Not found
Alain Denizot,executive,Not found,Not found
François Perol,executive,Not found,Not found
Michel Grass,executive,Not found,Not found
Helene Gauthey,executive,Not found,Not found
Loïc Chapuis,executive,Not found,Not found
Magali Castano,executive,Not found,Not found
Gérard Hauser,executive,Not found,Not found
Marco Villa,executive,Not found,Not found
Céline Mollet,executive,Not found,Not found
Virginie Duperat,executive,Not found,Not found
Sophie Maddaloni,executive,Not found,Not found
Alain Poincheval,executive,Not found,Not found
Samik Mukherjee,executive,Not found,Not found
Yves Kervren,executive,Not found,Not found
Isabelle Guichot,executive,Not found,Not found
Pierre Lichon,executive,Not found,Not found
Veronique Bosetta,executive,Not found,Not found
Qingchao Wan,executive,Not found,Not found
Wiebe Draijer,executive,Not found,Not found
Florence Parly,executive,Not found,Not found
Celine Fornaro,executive,Not found,Not found
Nicolas Foretz,executive,Not found,Not found
Yann Leriche,executive,Not found,Not found
Pascal Bouchiat,executive,Not found,Not found
Michel Delli-Zotti,executive,Not found,Not found
Terence Tilgenkamp,executive,Not found,Not found
Gwenaelle Avice,executive,Not found,Not found
Dirk Van-Den-Berg,executive,Not found,Not found
Benjamin Smith,executive,Not found,Not found
Inc Delta-Air-Lines,executive,Not found,Not found
Anne-marie Idrac,executive,Not found,Not found
Lena Boeren,executive,Not found,Not found
Alexander Wynaendts,executive,Not found,Not found
Didier Dague,executive,Not found,Not found
Anne-marie Couderc,executive,Not found,Not found
Jian Wang,executive,Not found,Not found
Isabelle Bouillot,executive,Not found,Not found
Cgm Cma,executive,Not found,Not found
Cornelis Hart,executive,Not found,Not found
May Gicquel,executive,Not found,Not found
Jean-dominique Comolli,executive,Not found,Not found
Francois Robardet,executive,Not found,Not found
Isabelle Parize,executive,Not found,Not found
Rodolphe Saade,executive,Not found,Not found
Stéphanie Besnier,executive,Not found,Not found
Karim Belabbas,executive,Not found,Not found
Martin Vial,executive,Not found,Not found
Astrid Panosyan,executive,Not found,Not found
Paul Farges,executive,Not found,Not found
Mathias Bouts,executive,Not found,Not found
Maryse Aulagnon,executive,Not found,Not found
Jakob De-Hoop-Scheffer,executive,Not found,Not found
Bing Tang,executive,Not found,Not found
Hendricus Smits,executive,Not found,Not found
Patrick Vieu,executive,Not found,Not found
Claude Lepage,executive,Not found,Not found
Frédéric Gagey,executive,Not found,Not found
Louis Jobard,executive,Not found,Not found
Peter Hartman,executive,Not found,Not found
Antoine Santero,executive,Not found,Not found
Jean Janaillac,executive,Not found,Not found
Cornelis 'T-Hart,executive,Not found,Not found
Nicolaq Foretz,executive,Not found,Not found
Pascal Bouchat,executive,Not found,Not found
Coralie Piton,executive,Not found,Not found
Yoann Saillon,executive,Not found,Not found
Rodolphe Belmer,executive,Not found,Not found
Orla Noonan-Boulman,executive,Not found,Not found
Marie-aude Morel,executive,Not found,Not found
Scdm,executive,Not found,Not found
Marie-françoise Pic-Paris-Allavena,executive,Not found,Not found
Bouygues,executive,Not found,Not found
Olivier Bouygues,executive,Not found,Not found
Olivier Roussat,executive,Not found,Not found
Sophie Talamoni,executive,Not found,Not found
Catherine Dussart,executive,Not found,Not found
Farida Fekih,executive,Not found,Not found
Gilles Pelisson,executive,Not found,Not found
Sabrina Zerbib,executive,Not found,Not found
Laurence Danon,executive,Not found,Not found
Pascaline Aupepin-De-Lamothe-Dreuzy,executive,Not found,Not found
Fanny Chabirand,executive,Not found,Not found
Martin Bouygues,executive,Not found,Not found
Jeannine Langlois,executive,Not found,Not found
Naliny Kerner,executive,Not found,Not found
Laurent Pietraszewski,executive,Not found,Not found
Philippe Palazzi,executive,Not found,Not found
Branislav Miskovic,executive,Not found,Not found
Elisabeth Sandager,executive,Not found,Not found
Pascal Clouzard,executive,Not found,Not found
Athina Onassis,executive,Not found,Not found
Nathalie Andrieux,executive,Not found,Not found
2 Par-Bel,executive,Not found,Not found
Participations Carpinienne-De,executive,Not found,Not found
Beatrice Dumurgier,executive,Not found,Not found
Maud Bailly,executive,Not found,Not found
Thierry Billot,executive,Not found,Not found
Christiane Feral-Schuhl,executive,Not found,Not found
Jean Naouri,executive,Not found,Not found
Euris,executive,Not found,Not found
Finatis,executive,Not found,Not found
Frederic Saint-Geours,executive,Not found,Not found
Euris Fonciere,executive,Not found,Not found
Diderot Matignon,executive,Not found,Not found
Euris Fonciere,executive,Not found,Not found
Lacharriere F.-Marc-De,executive,Not found,Not found
David De-Rothschild,executive,Not found,Not found
Saris,executive,Not found,Not found
Laure Hauseux,executive,Not found,Not found
Catherine Lucet,executive,Not found,Not found
Gilbert Delahaye,executive,Not found,Not found
Sylvia Jay,executive,Not found,Not found
De Roquemaurel,executive,Not found,Not found
Cobivia,executive,Not found,Not found
Paul Du-Saillant,executive,Not found,Not found
Francesco Milleri,executive,Not found,Not found
Stefano Grassi,executive,Not found,Not found
Christophe Condat,executive,Not found,Not found
Eric Thoreux,executive,Not found,Not found
Norbert Gorny,executive,Not found,Not found
Juliette Favre,executive,Not found,Not found
Hubert Sagnieres,executive,Not found,Not found
Ludovic Mathieu,executive,Not found,Not found
Delphine Zablocki,executive,Not found,Not found
Olivier Pecoux,executive,Not found,Not found
Philippe Alfroid,executive,Not found,Not found
Yi He,executive,Not found,Not found
Bernard Hours,executive,Not found,Not found
Marc Onetto,executive,Not found,Not found
Jeanette Wong,executive,Not found,Not found
Antoine Bernard-De-Saint-Affrique,executive,Not found,Not found
Louise Frechette,executive,Not found,Not found
Maureen Cavanagh,executive,Not found,Not found
Annette Messemer,executive,Not found,Not found
Henrietta Holsman,executive,Not found,Not found
Philippe Mahoudo,executive,Not found,Not found
Paul De-Lasteyrie-Du-Saillant-De-Comborn,executive,Not found,Not found
Laurent Vacherot,executive,Not found,Not found
Maxime Saada,executive,Not found,Not found
Amandine Ferre,executive,Not found,Not found
Francois Laroze,executive,Not found,Not found
Arnaud Roy-De-Puyfontaine,executive,Not found,Not found
Geraldine Laggiard,executive,Not found,Not found
Anna Marsh,executive,Not found,Not found
Pascale Chabert,executive,Not found,Not found
Emilie Pietrini,executive,Not found,Not found
Jean-christophe Thiery-De-Bercegol-Du-Moulin,executive,Not found,Not found
Celine Merle-Beral,executive,Not found,Not found
Laetitia Menase,executive,Not found,Not found
Stephanie Ferrier,executive,Not found,Not found
Marc Taieb,executive,Not found,Not found
Vincent Bollore,executive,Not found,Not found
Frederic Crepin,executive,Not found,Not found
Jacques Du-Puy,executive,Not found,Not found
Gregoire Castaing,executive,Not found,Not found
Franck Cadoret,executive,Not found,Not found
Stéphane Roussel,executive,Not found,Not found
Hervé Philippe,executive,Not found,Not found
Simon Gillham,executive,Not found,Not found
Laurence Gallot,executive,Not found,Not found
Marie Darmaillac,executive,Not found,Not found
Francine Mayer,executive,Not found,Not found
Vincent Vallejo,executive,Not found,Not found
+ Association-Des-Salaries-Actionnaires-De-Canal,executive,Not found,Not found
