NOM;PRENOM;PRESIDENT;1er MINISTRE;MINISTERE;DEBUT;FIN;REP_NO;GOUV_NO
Pinay;Antoine;De Gaulle;Michel Debré;Finances;1958/01/08;1960/01/13;5;1
Baumgartner;Wilfrid;De Gaulle;Michel Debré;Finances;1960/01/13;1960/02/05;5;1
Couve de Murville;Maurice;De Gaulle;Michel Debré;Aff Etrangères;1958/01/08;1960/02/05;5;1
Bouloche;André;De Gaulle;Michel Debré;Educ Nat;1958/01/08;1960/01/15;5;1
Joxe;Louis;De Gaulle;Michel Debré;Educ Nat;1960/01/15;1960/02/05;5;1
Jacquinot;Louis;De Gaulle;Michel Debré;Recherche;1958/01/08;1960/02/05;5;1
Malraux;André;De Gaulle;Michel Debré;Culture;1958/01/08;1960/02/05;5;1
Michelet;Edmond;De Gaulle;Michel Debré;Justice;1958/01/08;1960/02/05;5;1
Berthoin;Jean;De Gaulle;Michel Debré;Intérieur;1958/01/08;1960/02/05;5;1
Guillaumat;Pierre;De Gaulle;Michel Debré;Armées;1958/01/08;1960/02/05;5;1
Houdet;Roger;De Gaulle;Michel Debré;Agriculture;1958/01/08;1960/02/05;5;1
Chenot;Bernard;De Gaulle;Michel Debré;Santé;1958/01/08;1960/02/05;5;1
Bacon;Jean-Paul;De Gaulle;Michel Debré;Travail;1958/01/08;1960/02/05;5;1
Jeanneney;Jean-Marcel;De Gaulle;Michel Debré;Indus-Commerce;1958/01/08;1960/02/05;5;1
Cornut-Gentille;Bernard;De Gaulle;Michel Debré;PTT;1958/01/08;1960/02/05;5;1
Buron;Robert;De Gaulle;Michel Debré;Transp-TP;1958/01/08;1960/02/05;5;1
Sudreau;Pierre;De Gaulle;Michel Debré;Construction;1958/01/08;1960/02/05;5;1
Frey;Roger;De Gaulle;Michel Debré;Information;1958/01/08;1960/02/05;5;1
Triboulet;Raymond;De Gaulle;Michel Debré;Anciens-Combat;1958/01/08;1960/02/05;5;1
Soustel;Jacques;De Gaulle;Michel Debré;Min Délégué;1958/01/08;1960/02/05;5;1
Houphouët Boigny;Félix;De Gaulle;Michel Debré;Min d'Etat;1958/01/08;1960/02/05;5;1
Baumgartner;Wilfrid;De Gaulle;Michel Debré;Finances;1960/02/05;1961/08/24;5;2
Couve de Murville;Maurice;De Gaulle;Michel Debré;Aff Etrangères;1960/02/05;1961/08/24;5;2
Lecourt;Robert;De Gaulle;Michel Debré;DOM-TOM;1960/02/05;1961/08/24;5;2
Joxe;Louis;De Gaulle;Michel Debré;Educ Nat;1960/02/05;1961/08/24;5;2
Paye;Lucien;De Gaulle;Michel Debré;Educ Nat;1960/02/05;1961/08/24;5;2
Jacquinot;Louis;De Gaulle;Michel Debré;Recherche;1960/02/05;1961/08/24;5;2
Malraux;André;De Gaulle;Michel Debré;Culture;1960/02/05;1961/08/24;5;2
Michelet;Edmond;De Gaulle;Michel Debré;Justice;1960/02/05;1961/08/24;5;2
Chatenet;Pierre;De Gaulle;Michel Debré;Intérieur;1960/02/05;1961/08/24;5;2
Messmer;Pierre;De Gaulle;Michel Debré;Armées;1960/02/05;1961/08/24;5;2
Rochereau;Henri;De Gaulle;Michel Debré;Agriculture;1960/02/05;1961/08/24;5;2
Chenot;Bernard;De Gaulle;Michel Debré;Santé;1960/02/05;1961/08/24;5;2
Jeanneney;Jean-Marcel;De Gaulle;Michel Debré;Indus-Commerce;1960/02/05;1961/08/24;5;2
Bokanowski;Maurice;De Gaulle;Michel Debré;PTT;1960/02/05;1961/08/24;5;2
Bacon;Jean-Paul;De Gaulle;Michel Debré;Travail;1960/02/05;1961/08/24;5;2
Buron;Robert;De Gaulle;Michel Debré;Transp-TP;1960/02/05;1961/08/24;5;2
Sudreau;Pierre;De Gaulle;Michel Debré;Construction;1960/02/05;1961/08/24;5;2
Terrenoire;Louis;De Gaulle;Michel Debré;Information;1960/02/05;1961/08/24;5;2
Foccart;Jacques;De Gaulle;Michel Debré;coopération;1960/02/05;1961/08/24;5;2
Triboulet;Raymond;De Gaulle;Michel Debré;Anciens-Combat;1960/02/05;1961/08/24;5;2
Frey;Roger;De Gaulle;Michel Debré;Min Délégué;1960/02/05;1961/08/24;5;2
Guillaumat;Pierre;De Gaulle;Michel Debré;Min Délégué;1960/02/05;1961/08/24;5;2
Houphouët Boigny;Félix;De Gaulle;Michel Debré;Min d'Etat;1960/02/05;1961/08/24;5;2
Baumgartner;Wilfrid;De Gaulle;Michel Debré;Finances;1961/08/24;1962/04/14;5;3
Giscard d'Estaing;Valérie;De Gaulle;Michel Debré;Finances;1961/08/24;1962/04/14;5;3
Couve de Murville;Maurice;De Gaulle;Michel Debré;Aff Etrangères;1961/08/24;1962/04/14;5;3
Jacquinot;Louis;De Gaulle;Michel Debré;DOM-TOM;1961/08/24;1962/04/14;5;3
Joxe;Louis;De Gaulle;Michel Debré;Aff Algériennes;1961/08/24;1962/04/14;5;3
Paye;Lucien;De Gaulle;Michel Debré;Educ Nat;1961/08/24;1962/04/14;5;3
Jacquinot;Louis;De Gaulle;Michel Debré;Recherche;1961/08/24;1962/04/14;5;3
Malraux;André;De Gaulle;Michel Debré;Culture;1961/08/24;1962/04/14;5;3
Chenot;Bernard;De Gaulle;Michel Debré;Justice;1961/08/24;1962/04/14;5;3
Frey;Roger;De Gaulle;Michel Debré;Intérieur;1961/08/24;1962/04/14;5;3
Messmer;Pierre;De Gaulle;Michel Debré;Armées;1961/08/24;1962/04/14;5;3
Pisani;Edgar;De Gaulle;Michel Debré;Agriculture;1961/08/24;1962/04/14;5;3
Fontanet;Joseph;De Gaulle;Michel Debré;Santé;1961/08/24;1962/04/14;5;3
Jeanneney;Jean-Marcel;De Gaulle;Michel Debré;Indus-Commerce;1961/08/24;1962/04/14;5;3
Bokanowski;Maurice;De Gaulle;Michel Debré;PTT;1961/08/24;1962/04/14;5;3
Bacon;Jean-Paul;De Gaulle;Michel Debré;Travail;1961/08/24;1962/04/14;5;3
Buron;Robert;De Gaulle;Michel Debré;Transp-TP;1961/08/24;1962/04/14;5;3
Sudreau;Pierre;De Gaulle;Michel Debré;Construction;1961/08/24;1962/04/14;5;3
Terrenoire;Louis;De Gaulle;Michel Debré;Information;1961/08/24;1962/04/14;5;3
Foyer;Jean;De Gaulle;Michel Debré;coopération;1961/08/24;1962/04/14;5;3
Triboulet;Raymond;De Gaulle;Michel Debré;Anciens-Combat;1961/08/24;1962/04/14;5;3
Guillaumat;Pierre;De Gaulle;Michel Debré;Min Délégué;1961/08/24;1962/04/14;5;3
Terrenoire;Louis;De Gaulle;Michel Debré;Min Délégué;1961/08/24;1962/04/14;5;3
Houphouët Boigny;Félix;De Gaulle;Michel Debré;Min d'Etat;1961/08/24;1962/04/14;5;3
Giscard d'Estaing;Valérie;de Gaulle;Pompidou;Finances;1962/04/14;1962/12/07;5;4
Couve de Murville;Maurice;de Gaulle;Pompidou;Aff Etrangères;1962/04/14;1962/12/07;5;4
Jacquinot;Louis;de Gaulle;Pompidou;DOM-TOM;1962/04/14;1962/12/07;5;4
Joxe;Louis;de Gaulle;Pompidou;Aff Algériennes;1962/04/14;1962/12/07;5;4
Sudreau;Pierre;de Gaulle;Pompidou;Educ Nat;1962/04/14;1962/12/07;5;4
Palewski;Gaston;de Gaulle;Pompidou;Recherche;1962/04/14;1962/12/07;5;4
Malraux;André;de Gaulle;Pompidou;Culture;1962/04/14;1962/12/07;5;4
Foyer;Jean;de Gaulle;Pompidou;Justice;1962/04/14;1962/12/07;5;4
Frey;Roger;de Gaulle;Pompidou;Intérieur;1962/04/14;1962/12/07;5;4
Messmer;Pierre;de Gaulle;Pompidou;Armées;1962/04/14;1962/12/07;5;4
Pisani;Edgar;de Gaulle;Pompidou;Agriculture;1962/04/14;1962/12/07;5;4
Fontanet;Joseph;de Gaulle;Pompidou;Santé;1962/04/14;1962/12/07;5;4
Marcellin;Raymond;de Gaulle;Pompidou;Santé;1962/04/14;1962/12/07;5;4
Bacon;Jean-Paul;de Gaulle;Pompidou;Travail;1962/04/14;1962/12/07;5;4
Granval;Gilbert;de Gaulle;Pompidou;Travail;1962/04/14;1962/12/07;5;4
Bokanowski;Maurice;de Gaulle;Pompidou;Indus-Commerce;1962/04/14;1962/12/07;5;4
Marette;Jacques;de Gaulle;Pompidou;PTT;1962/04/14;1962/12/07;5;4
Buron;Robert;de Gaulle;Pompidou;Transp-TP;1962/04/14;1962/12/07;5;4
Dusseaulx;Roger;de Gaulle;Pompidou;Transp-TP;1962/04/14;1962/12/07;5;4
Maziol;Jacques;de Gaulle;Pompidou;Construction;1962/04/14;1962/12/07;5;4
Dusseaulx;Roger;de Gaulle;Pompidou;Rel Parlement;1962/04/14;1962/12/07;5;4
Dumas;Pierre;de Gaulle;Pompidou;Rel Parlement;1962/04/14;1962/12/07;5;4
Pflimlin;Pierre;de Gaulle;Pompidou;coopération;1962/04/14;1962/12/07;5;4
Gorse;Georges;de Gaulle;Pompidou;coopération;1962/04/14;1962/12/07;5;4
Triboulet;Raymond;de Gaulle;Pompidou;Anciens-Combat;1962/04/14;1962/12/07;5;4
Giscard d'Estaing;Valérie;de Gaulle;Pompidou;Finances;1962/12/07;1966/01/08;5;5
Couve de Murville;Maurice;de Gaulle;Pompidou;Aff Etrangères;1962/12/07;1966/01/08;5;5
Joxe;Louis;de Gaulle;Pompidou;Aff Algériennes;1962/12/07;1966/01/08;5;5
Jacquinot;Louis;de Gaulle;Pompidou;DOM-TOM;1962/12/07;1966/01/08;5;5
Fouchet;Christian;de Gaulle;Pompidou;Educ Nat;1962/12/07;1966/01/08;5;5
Palewski;Gaston;de Gaulle;Pompidou;Recherche;1962/12/07;1966/01/08;5;5
Malraux;André;de Gaulle;Pompidou;Culture;1962/12/07;1966/01/08;5;5
Foyer;Jean;de Gaulle;Pompidou;Justice;1962/12/07;1966/01/08;5;5
Frey;Roger;de Gaulle;Pompidou;Intérieur;1962/12/07;1966/01/08;5;5
Messmer;Pierre;de Gaulle;Pompidou;Armées;1962/12/07;1966/01/08;5;5
Missolfle;François;de Gaulle;Pompidou;Rapatriés;1962/12/07;1966/01/08;5;5
Joxe;Louis;de Gaulle;Pompidou;Réforme admi;1962/12/07;1966/01/08;5;5
Pisani;Edgar;de Gaulle;Pompidou;Agriculture;1962/12/07;1966/01/08;5;5
Marcellin;Raymond;de Gaulle;Pompidou;Santé;1962/12/07;1966/01/08;5;5
Granval;Gilbert;de Gaulle;Pompidou;Travail;1962/12/07;1966/01/08;5;5
Bokanowski;Maurice;de Gaulle;Pompidou;Indus-Commerce;1962/12/07;1966/01/08;5;5
Marette;Jacques;de Gaulle;Pompidou;PTT;1962/12/07;1966/01/08;5;5
Jacquet;Marc;de Gaulle;Pompidou;Transp-TP;1962/12/07;1966/01/08;5;5
Maziol;Jacques;de Gaulle;Pompidou;Construction;1962/12/07;1966/01/08;5;5
Peyrefitte;Alain;de Gaulle;Pompidou;Information;1962/12/07;1966/01/08;5;5
Triboulet;Raymond;de Gaulle;Pompidou;coopération;1962/12/07;1966/01/08;5;5
Sainteny;Jean;de Gaulle;Pompidou;Anciens-Combat;1962/12/07;1966/01/08;5;5
Debré;Michel;de Gaulle;Pompidou;Finances;1966/01/08;1967/04/07;5;6
Couve de Murville;Maurice;de Gaulle;Pompidou;Aff Etrangères;1966/01/08;1967/04/07;5;6
Billotte;Pierre;de Gaulle;Pompidou;DOM-TOM;1966/01/08;1967/04/07;5;6
Fouchet;Christian;de Gaulle;Pompidou;Educ Nat;1966/01/08;1967/04/07;5;6
Peyrefitte;Alain;de Gaulle;Pompidou;Recherche;1966/01/08;1967/04/07;5;6
Malraux;André;de Gaulle;Pompidou;Culture;1966/01/08;1967/04/07;5;6
Foyer;Jean;de Gaulle;Pompidou;Justice;1966/01/08;1967/04/07;5;6
Frey;Roger;de Gaulle;Pompidou;Intérieur;1966/01/08;1967/04/07;5;6
Messmer;Pierre;de Gaulle;Pompidou;Armées;1966/01/08;1967/04/07;5;6
Faure;Edgar;de Gaulle;Pompidou;Agriculture;1966/01/08;1967/04/07;5;6
Janneney;Jean-Marcel;de Gaulle;Pompidou;Aff sociales;1966/01/08;1967/04/07;5;6
Marcellin;Raymond;de Gaulle;Pompidou;Indus-Commerce;1966/01/08;1967/04/07;5;6
Marette;Jacques;de Gaulle;Pompidou;PTT;1966/01/08;1967/04/07;5;6
Pisani;Edgar;de Gaulle;Pompidou;Equip-Logement;1966/01/08;1967/04/07;5;6
Joxe;Louis;de Gaulle;Pompidou;Ref Adminis;1966/01/08;1967/04/07;5;6
Sanguinetti;Alexandre;de Gaulle;Pompidou;Anciens-Combat;1966/01/08;1967/04/07;5;6
Debré;Michel;de Gaulle;Pompidou;Finances;1967/04/07;1968/07/12;5;7
Couve de Murville;Maurice;de Gaulle;Pompidou;Aff Etrangères;1967/04/07;1968/07/12;5;7
Billotte;Pierre;de Gaulle;Pompidou;DOM-TOM;1967/04/07;1968/07/12;5;7
Peyrefitte;Alain;de Gaulle;Pompidou;Educ Nat;1967/04/07;1968/07/12;5;7
Schumann;Maurice;de Gaulle;Pompidou;Recherche;1967/04/07;1968/07/12;5;7
Malraux;André;de Gaulle;Pompidou;Culture;1967/04/07;1968/07/12;5;7
Joxe;Louis;de Gaulle;Pompidou;Justice;1967/04/07;1968/07/12;5;7
Fouchet;Christian;de Gaulle;Pompidou;Intérieur;1967/04/07;1968/07/12;5;7
Messmer;Pierre;de Gaulle;Pompidou;Armées;1967/04/07;1968/07/12;5;7
Faure;Edgar;de Gaulle;Pompidou;Agriculture;1967/04/07;1968/07/12;5;7
Janneney;Jean-Marcel;de Gaulle;Pompidou;Aff sociales;1967/04/07;1968/07/12;5;7
Guichard;Olivier;de Gaulle;Pompidou;Indus-Commerce;1967/04/07;1968/07/12;5;7
Guéna;Yves;de Gaulle;Pompidou;PTT;1967/04/07;1968/07/12;5;7
Marcellin;Raymond;de Gaulle;Pompidou;Plan-Territoire;1967/04/07;1968/07/12;5;7
Pisani;Edgar;de Gaulle;Pompidou;Equip-Logement;1967/04/07;1968/07/12;5;7
Ortoli;Xavier;de Gaulle;Pompidou;Equip-Logement;1967/04/07;1968/07/12;5;7
Chamant;Jean;de Gaulle;Pompidou;Transport;1967/04/07;1968/07/12;5;7
Miffofle;François;de Gaulle;Pompidou;Jeunesse-Sports;1967/04/07;1968/07/12;5;7
Frey;Roger;de Gaulle;Pompidou;Rel Parlement;1967/04/07;1968/07/12;5;7
Gorse;Georges;de Gaulle;Pompidou;Information;1967/04/07;1968/07/12;5;7
Duvillard;Henri;de Gaulle;Pompidou;Anciens-Combat;1967/04/07;1968/07/12;5;7
Ortoli;François-Xavier;de Gaulle;Couve de Murville;Finances;1968/07/12;1969/06/20;5;8
Debré;Michel;de Gaulle;Couve de Murville;Aff Etrangères;1968/07/12;1969/06/20;5;8
Faure;Edgar;de Gaulle;Couve de Murville;Educ Nat;1968/07/12;1969/06/20;5;8
Galley;Robert;de Gaulle;Couve de Murville;Recherche;1968/07/12;1969/06/20;5;8
Chalandon;Albin;de Gaulle;Couve de Murville;Atome Espace;1968/07/12;1969/06/20;5;8
Malraux;André;de Gaulle;Couve de Murville;Culture;1968/07/12;1969/06/20;5;8
Capitant;René;de Gaulle;Couve de Murville;Justice;1968/07/12;1969/06/20;5;8
Marcellin;Raymond;de Gaulle;Couve de Murville;Intérieur;1968/07/12;1969/06/20;5;8
Messmer;Pierre;de Gaulle;Couve de Murville;Armées;1968/07/12;1969/06/20;5;8
Boulin;Robert;de Gaulle;Couve de Murville;Agriculture;1968/07/12;1969/06/20;5;8
Schumann;Maurice;de Gaulle;Couve de Murville;Aff sociales;1968/07/12;1969/06/20;5;8
Bettencourt;André;de Gaulle;Couve de Murville;Indus-Commerce;1968/07/12;1969/06/20;5;8
Guéna;Yves;de Gaulle;Couve de Murville;PTT;1968/07/12;1969/06/20;5;8
Guichard;Olivier;de Gaulle;Couve de Murville;Territoire;1968/07/12;1969/06/20;5;8
Chamant;Jean;de Gaulle;Couve de Murville;Transport;1968/07/12;1969/06/20;5;8
Frey;Roger;de Gaulle;Couve de Murville;Rel Parlement;1968/07/12;1969/06/20;5;8
Janneney;Jean-Marcel;de Gaulle;Couve de Murville;Réforme;1968/07/12;1969/06/20;5;8
Duvillard;Henri;de Gaulle;Couve de Murville;Anciens-Combat;1968/07/12;1969/06/20;5;8
Giscard d'EstaingValérie;;Pompidou;Chaban-Delmas;Finances;1969/06/20;1971/01/07;5;9
Schumann;Maurice;Pompidou;Chaban-Delmas;Aff Etrangères;1969/06/20;1971/01/07;5;9
Rey;X;Pompidou;Chaban-Delmas;DOM-TOM;1969/06/20;1971/01/07;5;9
Guichard;Olivier;Pompidou;Chaban-Delmas;Educ Nat;1969/06/20;1971/01/07;5;9
Ortoli;François-Xavier;Pompidou;Chaban-Delmas;Recherche;1969/06/20;1971/01/07;5;9
Michelet;Edmond;Pompidou;Chaban-Delmas;Culture;1969/06/20;1971/01/07;5;9
Pléven;René;Pompidou;Chaban-Delmas;Justice;1969/06/20;1971/01/07;5;9
Marcellin;Raymond;Pompidou;Chaban-Delmas;Intérieur;1969/06/20;1971/01/07;5;9
Debré;Michel;Pompidou;Chaban-Delmas;Défense;1969/06/20;1971/01/07;5;9
Duhamel;Jacques;Pompidou;Chaban-Delmas;Agriculture;1969/06/20;1971/01/07;5;9
Boulin;Robert;Pompidou;Chaban-Delmas;Santé;1969/06/20;1971/01/07;5;9
Fontanet;Joseph;Pompidou;Chaban-Delmas;Travail;1969/06/20;1971/01/07;5;9
Galley;Robert;Pompidou;Chaban-Delmas;PTT;1969/06/20;1971/01/07;5;9
Chalandon;Albin;Pompidou;Chaban-Delmas;Equipement;1969/06/20;1971/01/07;5;9
Mondon;Raymond;Pompidou;Chaban-Delmas;Transports-TP;1969/06/20;1971/01/07;5;9
Bettencourt;André;Pompidou;Chaban-Delmas;Plan-Territoire;1969/06/20;1971/01/07;5;9
Frey;Roger;Pompidou;Chaban-Delmas;Rel Parlement;1969/06/20;1971/01/07;5;9
Duvillard;Henri;Pompidou;Chaban-Delmas;Anciens-Combat;1969/06/20;1971/01/07;5;9
Giscard d'EstaingValérie;;Pompidou;Chaban-Delmas;Finances;1971/01/07;1972/07/07;5;10
Schumann;Maurice;Pompidou;Chaban-Delmas;Aff Etrangères;1971/01/07;1972/07/07;5;10
Rey;X;Pompidou;Chaban-Delmas;DOM-TOM;1971/01/07;1972/07/07;5;10
Guichard;Olivier;Pompidou;Chaban-Delmas;Educ Nat;1971/01/07;1972/07/07;5;10
Ortoli;François-Xavier;Pompidou;Chaban-Delmas;Recherche;1971/01/07;1972/07/07;5;10
Duhamel;Jacques;Pompidou;Chaban-Delmas;Culture;1971/01/07;1972/07/07;5;10
Pléven;René;Pompidou;Chaban-Delmas;Justice;1971/01/07;1972/07/07;5;10
Marcellin;Raymond;Pompidou;Chaban-Delmas;Intérieur;1971/01/07;1972/07/07;5;10
Debré;Michel;Pompidou;Chaban-Delmas;Défense;1971/01/07;1972/07/07;5;10
Frey;Roger;Pompidou;Chaban-Delmas;Réformes adm;1971/01/07;1972/07/07;5;10
Cointat;Michel;Pompidou;Chaban-Delmas;Agriculture;1971/01/07;1972/07/07;5;10
Boulin;Robert;Pompidou;Chaban-Delmas;Santé;1971/01/07;1972/07/07;5;10
Fontanet;Joseph;Pompidou;Chaban-Delmas;Travail;1971/01/07;1972/07/07;5;10
Galley;Robert;Pompidou;Chaban-Delmas;PTT;1971/01/07;1972/07/07;5;10
Chalandon;Albin;Pompidou;Chaban-Delmas;Equipement;1971/01/07;1972/07/07;5;10
Chamant;Jean;Pompidou;Chaban-Delmas;Transports-TP;1971/01/07;1972/07/07;5;10
Bettencourt;André;Pompidou;Chaban-Delmas;Plan-Territoire;1971/01/07;1972/07/07;5;10
Poujade;Robert;Pompidou;Chaban-Delmas;Protec nature;1971/01/07;1972/07/07;5;10
Chirac;Jacques;Pompidou;Chaban-Delmas;Rel Parlement;1971/01/07;1972/07/07;5;10
Duvillard;Henri;Pompidou;Chaban-Delmas;Anciens-Combat;1971/01/07;1972/07/07;5;10
Giscard d'EstaingValérie;;Pompidou;Messmer;Finances;1972/07/07;1973/04/05;5;11
Schumann;Maurice;Pompidou;Messmer;Aff Etrangères;1972/07/07;1973/04/05;5;11
Fontanet;Joseph;Pompidou;Messmer;Educ Nat;1972/07/07;1973/04/05;5;11
Charbonnel;Jean;Pompidou;Messmer;Développement Indus;1972/07/07;1973/04/05;5;11
Duhamel;Jacques;Pompidou;Messmer;Culture;1972/07/07;1973/04/05;5;11
Pléven;René;Pompidou;Messmer;Justice;1972/07/07;1973/04/05;5;11
Marcellin;Raymond;Pompidou;Messmer;Intérieur;1972/07/07;1973/04/05;5;11
Debré;Michel;Pompidou;Messmer;Défense;1972/07/07;1973/04/05;5;11
Chirac;Jacques;Pompidou;Messmer;Agriculture;1972/07/07;1973/04/05;5;11
Foyer;Jean;Pompidou;Messmer;Santé;1972/07/07;1973/04/05;5;11
Germain;Hubert;Pompidou;Messmer;PTT;1972/07/07;1973/04/05;5;11
Faure;Edgar;Pompidou;Messmer;Aff sociales;1972/07/07;1973/04/05;5;11
Galley;Robert;Pompidou;Messmer;Transports-TP;1972/07/07;1973/04/05;5;11
Guichard;Olivier;Pompidou;Messmer;Territoire;1972/07/07;1973/04/05;5;11
Poujade;Robert;Pompidou;Messmer;Protec nature;1972/07/07;1973/04/05;5;11
Boulin;Robert;Pompidou;Messmer;Rel Parlement;1972/07/07;1973/04/05;5;11
Bord;André;Pompidou;Messmer;Anciens-Combat;1972/07/07;1973/04/05;5;11
Giscard d'EstaingValérie;;Pompidou;Messmer;Finances;1973/04/05;1974/03/01;5;12
Jobert;Michel;Pompidou;Messmer;Aff Etrangères;1973/04/05;1974/03/01;5;12
Stasi;Bernard;Pompidou;Messmer;DOM-TOM;1973/04/05;1974/03/01;5;12
Fontanet;Joseph;Pompidou;Messmer;Educ Nat;1973/04/05;1974/03/01;5;12
Charbonnel;Jean;Pompidou;Messmer;Développement Indus;1973/04/05;1974/03/01;5;12
Druon;Maurice;Pompidou;Messmer;Culture;1973/04/05;1974/03/01;5;12
Taittinger;Jean;Pompidou;Messmer;Justice;1973/04/05;1974/03/01;5;12
Marcellin;Raymond;Pompidou;Messmer;Intérieur;1973/04/05;1974/03/01;5;12
Galley;Robert;Pompidou;Messmer;Défense;1973/04/05;1974/03/01;5;12
Peyrefitte;Alain;Pompidou;Messmer;Réformes adm;1973/04/05;1974/03/01;5;12
Chirac;Jacques;Pompidou;Messmer;Agriculture;1973/04/05;1974/03/01;5;12
Poniatowski;Michel;Pompidou;Messmer;Santé;1973/04/05;1974/03/01;5;12
Gorse;Georges;Pompidou;Messmer;Travail;1973/04/05;1974/03/01;5;12
Foyer;Jean;Pompidou;Messmer;Commerce Artisanat;1973/04/05;1974/03/01;5;12
Germain;Hubert;Pompidou;Messmer;PTT;1973/04/05;1974/03/01;5;12
Guichard;Olivier;Pompidou;Messmer;Territoire;1973/04/05;1974/03/01;5;12
Géna;Yves;Pompidou;Messmer;Transports;1973/04/05;1974/03/01;5;12
Poujade;Robert;Pompidou;Messmer;Protec nature;1973/04/05;1974/03/01;5;12
Malaud;Philippe;Pompidou;Messmer;Information;1973/04/05;1974/03/01;5;12
Comiti;Joseph;Pompidou;Messmer;Rel Parlement;1973/04/05;1974/03/01;5;12
Bord;André;Pompidou;Messmer;Anciens-Combat;1973/04/05;1974/03/01;5;12
Giscard d'EstaingValérie;;Pompidou;Messmer;Finances;1974/03/01;1974/05/28;5;13
Jobert;Michel;Pompidou;Messmer;Aff Etrangères;1974/03/01;1974/05/28;5;13
Fontanet;Joseph;Pompidou;Messmer;Educ Nat;1974/03/01;1974/05/28;5;13
Peyrefitte;Alain;Pompidou;Messmer;Culture;1974/03/01;1974/05/28;5;13
Taittinger;Jean;Pompidou;Messmer;Justice;1974/03/01;1974/05/28;5;13
Chirac;Jacques;Pompidou;Messmer;Intérieur;1974/03/01;1974/05/28;5;13
Galley;Robert;Pompidou;Messmer;Défense;1974/03/01;1974/05/28;5;13
Marcellin;Raymond;Pompidou;Messmer;Agriculture;1974/03/01;1974/05/28;5;13
Poniatowski;Michel;Pompidou;Messmer;Santé;1974/03/01;1974/05/28;5;13
Gorse;Georges;Pompidou;Messmer;Travail;1974/03/01;1974/05/28;5;13
Géna;Yves;Pompidou;Messmer;Commerce Artisanat;1974/03/01;1974/05/28;5;13
Royer;Jean;Pompidou;Messmer;PTT;1974/03/01;1974/05/28;5;13
Guichard;Olivier;Pompidou;Messmer;Territoire;1974/03/01;1974/05/28;5;13
Germain;Hubert;Pompidou;Messmer;Rel Parlement;1974/03/01;1974/05/28;5;13
Lecat;Jean-Philippe;Pompidou;Messmer;Information;1974/03/01;1974/05/28;5;13
Fourcade;Jean-Pierre;G d'Estaing;Chirac;Finances;1974/05/28;1975/01/31;5;14
Sauvagnargues;Jean;G d'Estaing;Chirac;Aff Etrangères;1974/05/28;1975/01/31;5;14
Haby;René;G d'Estaing;Chirac;Educ Nat;1974/05/28;1975/01/31;5;14
Lecanuet;Jean;G d'Estaing;Chirac;Justice;1974/05/28;1975/01/31;5;14
Poniatowski;Michel;G d'Estaing;Chirac;Intérieur;1974/05/28;1975/01/31;5;14
Soufflet;Jacques;G d'Estaing;Chirac;Défense;1974/05/28;1975/01/31;5;14
Bonnet;Christian;G d'Estaing;Chirac;Agriculture;1974/05/28;1975/01/31;5;14
Veil;Simone;G d'Estaing;Chirac;Santé;1974/05/28;1975/01/31;5;14
Ansquer;Vincent;G d'Estaing;Chirac;Commerce Artisanat;1974/05/28;1975/01/31;5;14
Ornano;Michel d';G d'Estaing;Chirac;Industrie;1974/05/28;1975/01/31;5;14
Galley;Robert;G d'Estaing;Chirac;Equipement;1974/05/28;1975/01/31;5;14
Jarrot;André;G d'Estaing;Chirac;Qualité vie;1974/05/28;1975/01/31;5;14
Servan-Schreiber;Jean-Jacques;G d'Estaing;Chirac;Réformes adm;1974/05/28;1974/06/16;5;14
Fourcade;Jean-Pierre;G d'Estaing;Chirac;Finances;1975/01/31;1976/01/12;5;15
Sauvagnargues;Jean;G d'Estaing;Chirac;Aff Etrangères;1975/01/31;1976/01/12;5;15
Haby;René;G d'Estaing;Chirac;Educ Nat;1975/01/31;1976/01/12;5;15
Lecanuet;Jean;G d'Estaing;Chirac;Justice;1975/01/31;1976/01/12;5;15
Poniatowski;Michel;G d'Estaing;Chirac;Intérieur;1975/01/31;1976/01/12;5;15
Bourges;Yvon;G d'Estaing;Chirac;Défense;1975/01/31;1976/01/12;5;15
Bonnet;Christian;G d'Estaing;Chirac;Agriculture;1975/01/31;1976/01/12;5;15
Veil;Simone;G d'Estaing;Chirac;Santé;1975/01/31;1976/01/12;5;15
Ansquer;Vincent;G d'Estaing;Chirac;Commerce Artisanat;1975/01/31;1976/01/12;5;15
Ornano;Michel d';G d'Estaing;Chirac;Industrie;1975/01/31;1976/01/12;5;15
Galley;Robert;G d'Estaing;Chirac;Equipement;1975/01/31;1976/01/12;5;15
Jarrot;André;G d'Estaing;Chirac;Qualité vie;1975/01/31;1976/01/12;5;15
Fourcade;Jean-Pierre;G d'Estaing;Chirac;Finances;1976/01/12;1976/08/27;5;16
Sauvagnargues;Jean;G d'Estaing;Chirac;Aff Etrangères;1976/01/12;1976/08/27;5;16
Haby;René;G d'Estaing;Chirac;Educ Nat;1976/01/12;1976/08/27;5;16
Lecanuet;Jean;G d'Estaing;Chirac;Justice;1976/01/12;1976/08/27;5;16
Poniatowski;Michel;G d'Estaing;Chirac;Intérieur;1976/01/12;1976/08/27;5;16
Bourges;Yvon;G d'Estaing;Chirac;Défense;1976/01/12;1976/08/27;5;16
Likowski;Jean de;G d'Estaing;Chirac;coopération;1976/01/12;1976/08/27;5;16
Bonnet;Christian;G d'Estaing;Chirac;Agriculture;1976/01/12;1976/08/27;5;16
Veil;Simone;G d'Estaing;Chirac;Santé;1976/01/12;1976/08/27;5;16
Ansquer;Vincent;G d'Estaing;Chirac;Commerce Artisanat;1976/01/12;1976/08/27;5;16
Barre;Raymond;G d'Estaing;Chirac;Com Extérieur;1976/01/12;1976/08/27;5;16
Ornano;Michel d';G d'Estaing;Chirac;Industrie;1976/01/12;1976/08/27;5;16
Galley;Robert;G d'Estaing;Chirac;Equipement;1976/01/12;1976/08/27;5;16
Fosset;André;G d'Estaing;Chirac;Qualité vie;1976/01/12;1976/08/27;5;16
Durafour;Michel;G d'Estaing;Barre;Finances;1976/08/27;1977/03/29;5;17
Guiringaud;Louis de;G d'Estaing;Barre;Aff Etrangères;1976/08/27;1977/03/29;5;17
Haby;René;G d'Estaing;Barre;Educ Nat;1976/08/27;1977/03/29;5;17
Ornano;Michel d';G d'Estaing;Barre;Indus-Recherche;1976/08/27;1977/03/29;5;17
Guichard;Olivier;G d'Estaing;Barre;Justice;1976/08/27;1977/03/29;5;17
Poniatowski;Michel;G d'Estaing;Barre;Intérieur;1976/08/27;1977/03/29;5;17
Bourges;Yvon;G d'Estaing;Barre;Défense;1976/08/27;1977/03/29;5;17
Galley;Robert;G d'Estaing;Barre;coopération;1976/08/27;1977/03/29;5;17
Bonnet;Christian;G d'Estaing;Barre;Agriculture;1976/08/27;1977/03/29;5;17
Veil;Simone;G d'Estaing;Barre;Santé;1976/08/27;1977/03/29;5;17
Beullac;Christian;G d'Estaing;Barre;Travail;1976/08/27;1977/03/29;5;17
Brousse;Pierre;G d'Estaing;Barre;Commerce Artisanat;1976/08/27;1977/03/29;5;17
Rossi;André;G d'Estaing;Barre;Com Extérieur;1976/08/27;1977/03/29;5;17
Lecanuet;Jean;G d'Estaing;Barre;Plan-Territoire;1976/08/27;1977/03/29;5;17
Fourcade;Jean-Pierre;G d'Estaing;Barre;Equipement;1976/08/27;1977/03/29;5;17
Boulin;Robert;G d'Estaing;Barre;Rel Parlement;1976/08/27;1977/03/29;5;17
Ansquer;Vincent;G d'Estaing;Barre;Qualité vie;1976/08/27;1977/03/29;5;17
Durafour;Michel;G d'Estaing;Barre;Finances;1977/03/29;1978/03/31;5;18
Guiringaud;Louis de;G d'Estaing;Barre;Aff Etrangères;1977/03/29;1978/03/31;5;18
Haby;René;G d'Estaing;Barre;Educ Nat;1977/03/29;1978/03/31;5;18
Peyrefitte;Alain;G d'Estaing;Barre;Justice;1977/03/29;1978/03/31;5;18
Bonnet;Christian;G d'Estaing;Barre;Intérieur;1977/03/29;1978/03/31;5;18
Bourges;Yvon;G d'Estaing;Barre;Défense;1977/03/29;1978/03/31;5;18
Galley;Robert;G d'Estaing;Barre;coopération;1977/03/29;1978/03/31;5;18
Méhaignerie;Pierre;G d'Estaing;Barre;Agriculture;1977/03/29;1978/03/31;5;18
Veil;Simone;G d'Estaing;Barre;Santé;1977/03/29;1978/03/31;5;18
Beullac;Christian;G d'Estaing;Barre;Travail;1977/03/29;1978/03/31;5;18
Monory;René;G d'Estaing;Barre;Commerce Artisanat;1977/03/29;1978/03/31;5;18
Rossi;André;G d'Estaing;Barre;Com Extérieur;1977/03/29;1978/03/31;5;18
Lecanuet;Jean;G d'Estaing;Barre;Plan-Territoire;1977/03/29;1978/03/31;5;18
Fourcade;Jean-Pierre;G d'Estaing;Barre;Equipement;1977/03/29;1978/03/31;5;18
Ornano;Michel d';G d'Estaing;Barre;Culture Envir;1977/03/29;1978/03/31;5;18
Monory;René;G d'Estaing;Barre;Finances;1978/03/31;1981/05/22;5;19
Papon;Maurice;G d'Estaing;Barre;Budget;1978/03/31;1981/05/22;5;19
Guiringaud;Louis de;G d'Estaing;Barre;Aff Etrangères;1978/03/31;1981/05/22;5;19
Poncet;Jean-François;G d'Estaing;Barre;Aff Etrangères;1978/03/31;1981/05/22;5;19
Beullac;Christian;G d'Estaing;Barre;Educ Nat;1978/03/31;1981/05/22;5;19
Saunié-Séïté;Alice;G d'Estaing;Barre;Universités;1978/03/31;1981/05/22;5;19
Peyrefitte;Alain;G d'Estaing;Barre;Justice;1978/03/31;1981/05/22;5;19
Bonnet;Christian;G d'Estaing;Barre;Intérieur;1978/03/31;1981/05/22;5;19
Bourges;Yvon;G d'Estaing;Barre;Défense;1978/03/31;1981/05/22;5;19
Galley;Robert;G d'Estaing;Barre;coopération;1978/03/31;1981/05/22;5;19
Méhaignerie;Pierre;G d'Estaing;Barre;Agriculture;1978/03/31;1981/05/22;5;19
Veil;Simone;G d'Estaing;Barre;Santé;1978/03/31;1981/05/22;5;19
Barrot;Jacques;G d'Estaing;Barre;Santé;1978/03/31;1981/05/22;5;19
Boulin;Robert;G d'Estaing;Barre;Travail;1978/03/31;1981/05/22;5;19
Mattéoli;Jean;G d'Estaing;Barre;Travail;1978/03/31;1981/05/22;5;19
Barrot;Jacques;G d'Estaing;Barre;Commerce Artisanat;1978/03/31;1981/05/22;5;19
Charretier;Maurice;G d'Estaing;Barre;Commerce Artisanat;1978/03/31;1981/05/22;5;19
Deniau;Jean-François;G d'Estaing;Barre;Com Extérieur;1978/03/31;1981/05/22;5;19
Giraud;André;G d'Estaing;Barre;Industrie;1978/03/31;1981/05/22;5;19
Le Theule;Joël;G d'Estaing;Barre;Transports;1978/03/31;1981/05/22;5;19
Lecat;Jean-Philippe;G d'Estaing;Barre;Culture Comm;1978/03/31;1981/05/22;5;19
Soisson;Jean-Pierre;G d'Estaing;Barre;Jeunesse-Sports;1978/03/31;1981/05/22;5;19
Ornano;Michel d';G d'Estaing;Barre;Environnement;1978/03/31;1981/05/22;5;19
Delors;Jacques;Mitterrand;Mauroy;Finances;1981/05/22;1981/06/23;5;20
Fabius;Laurent;Mitterrand;Mauroy;Budget;1981/05/22;1981/06/23;5;20
Cheysson;Claude;Mitterrand;Mauroy;Rel Extérieures;1981/05/22;1981/06/23;5;20
Chandernagor;André;Mitterrand;Mauroy;Aff européennes;1981/05/22;1981/06/23;5;20
Savary;Alain;Mitterrand;Mauroy;Educ Nat;1981/05/22;1981/06/23;5;20
Chevennement;Jean-Pierre;Mitterrand;Mauroy;Recherche;1981/05/22;1981/06/23;5;20
Lang;Jack;Mitterrand;Mauroy;Culture;1981/05/22;1981/06/23;5;20
Faure;Maurice;Mitterrand;Mauroy;Justice;1981/05/22;1981/06/23;5;20
Deferre;Gaston;Mitterrand;Mauroy;Intérieur;1981/05/22;1981/06/23;5;20
Hernu;Charles;Mitterrand;Mauroy;Défense;1981/05/22;1981/06/23;5;20
Roudy;Yvette;Mitterrand;Mauroy;Droit femmes;1981/05/22;1981/06/23;5;20
Cot;Jean-Pierre;Mitterrand;Mauroy;coopération;1981/05/22;1981/06/23;5;20
Rocard;Michel;Mitterrand;Mauroy;Plan-Territoire;1981/05/22;1981/06/23;5;20
Labarrère;André;Mitterrand;Mauroy;Rel Parlement;1981/05/22;1981/06/23;5;20
Cresson;Edith;Mitterrand;Mauroy;Agriculture;1981/05/22;1981/06/23;5;20
Hervé;Edmond;Mitterrand;Mauroy;Santé;1981/05/22;1981/06/23;5;20
Auroux;Jean;Mitterrand;Mauroy;Travail;1981/05/22;1981/06/23;5;20
Questiaux;Nicole;Mitterrand;Mauroy;Solidarité;1981/05/22;1981/06/23;5;20
Jobert;Michel;Mitterrand;Mauroy;Commerce ext;1981/05/22;1981/06/23;5;20
Delelis;André;Mitterrand;Mauroy;Comm Artisanat;1981/05/22;1981/06/23;5;20
Joxe;Pierre;Mitterrand;Mauroy;Industrie;1981/05/22;1981/06/23;5;20
Mexandeau;Louis;Mitterrand;Mauroy;PTT;1981/05/22;1981/06/23;5;20
Mermaz;Louis;Mitterrand;Mauroy;Equip-Transport;1981/05/22;1981/06/23;5;20
Le Pensec;Louis;Mitterrand;Mauroy;Mer;1981/05/22;1981/06/23;5;20
Quillot;Roger;Mitterrand;Mauroy;Logement;1981/05/22;1981/06/23;5;20
Crépeau;Michel;Mitterrand;Mauroy;Environnement;1981/05/22;1981/06/23;5;20
Henry;André;Mitterrand;Mauroy;Temps libre;1981/05/22;1981/06/23;5;20
Fillioud;Georges;Mitterrand;Mauroy;Communication;1981/05/22;1981/06/23;5;20
Laurain;Jean;Mitterrand;Mauroy;Anciens-Combat;1981/05/22;1981/06/23;5;20
Delors;Jacques;Mitterrand;Mauroy;Finances;1981/06/23;1983/03/23;5;21
Fabius;Laurent;Mitterrand;Mauroy;Budget;1981/06/23;1983/03/23;5;21
Cheysson;Claude;Mitterrand;Mauroy;Rel Extérieures;1981/06/23;1983/03/23;5;21
Chandernagor;André;Mitterrand;Mauroy;Aff européennes;1981/06/23;1983/03/23;5;21
Savary;Alain;Mitterrand;Mauroy;Educ Nat;1981/06/23;1983/03/23;5;21
Chevennement;Jean-Pierre;Mitterrand;Mauroy;Recherche;1981/06/23;1983/03/23;5;21
Rigout;Marcel;Mitterrand;Mauroy;Form Prof;1981/06/23;1983/03/23;5;21
Lang;Jack;Mitterrand;Mauroy;Culture;1981/06/23;1983/03/23;5;21
Badinter;Robert;Mitterrand;Mauroy;Justice;1981/06/23;1983/03/23;5;21
Deferre;Gaston;Mitterrand;Mauroy;Intérieur;1981/06/23;1983/03/23;5;21
Hernu;Charles;Mitterrand;Mauroy;Défense;1981/06/23;1983/03/23;5;21
Roudy;Yvette;Mitterrand;Mauroy;Droit femmes;1981/06/23;1983/03/23;5;21
Cot;Jean-Pierre;Mitterrand;Mauroy;coopération;1981/06/23;1983/03/23;5;21
Rocard;Michel;Mitterrand;Mauroy;Plan-Territoire;1981/06/23;1983/03/23;5;21
Labarrère;André;Mitterrand;Mauroy;Rel Parlement;1981/06/23;1983/03/23;5;21
Le Pors;Anicet;Mitterrand;Mauroy;Fonct publique;1981/06/23;1983/03/23;5;21
Hervé;Edmond;Mitterrand;Mauroy;Energie;1981/06/23;1983/03/23;5;21
Cresson;Edith;Mitterrand;Mauroy;Agriculture;1981/06/23;1983/03/23;5;21
Ralite;Jacques;Mitterrand;Mauroy;Santé;1981/06/23;1983/03/23;5;21
Auroux;Jean;Mitterrand;Mauroy;Travail;1981/06/23;1983/03/23;5;21
Le Garrec;Jean;Mitterrand;Mauroy;Emploi;1981/06/23;1983/03/23;5;21
Questiaux;Nicole;Mitterrand;Mauroy;Solidarité;1981/06/23;1982/06/29;5;21
Bérégovoy;Pierre;Mitterrand;Mauroy;Solidarité;1982/06/29;1983/03/23;5;21
Jobert;Michel;Mitterrand;Mauroy;Commerce ext;1981/06/23;1983/03/23;5;21
Delelis;André;Mitterrand;Mauroy;Comm Artisanat;1981/06/23;1983/03/23;5;21
Dreyfus;Pierre;Mitterrand;Mauroy;Industrie;1981/06/23;1982/06/29;5;21
Mexandeau;Louis;Mitterrand;Mauroy;PTT;1981/06/23;1983/03/23;5;21
Fiterman;Charles;Mitterrand;Mauroy;Equip-Transport;1981/06/23;1983/03/23;5;21
Le Pensec;Louis;Mitterrand;Mauroy;Mer;1981/06/23;1983/03/23;5;21
Quillot;Roger;Mitterrand;Mauroy;Logement;1981/06/23;1983/03/23;5;21
Crépeau;Michel;Mitterrand;Mauroy;Environnement;1981/06/23;1983/03/23;5;21
Henry;André;Mitterrand;Mauroy;Temps libre;1981/06/23;1983/03/23;5;21
Fillioud;Georges;Mitterrand;Mauroy;Communication;1981/06/23;1983/03/23;5;21
Laurain;Jean;Mitterrand;Mauroy;Anciens-Combat;1981/06/23;1983/03/23;5;21
Lalumière;Catherine;Mitterrand;Mauroy;Consommation;1981/06/23;1983/03/23;5;21
Delors;Jacques;Mitterrand;Mauroy;Finances;1983/03/23;1984/07/19;5;22
Cheysson;Claude;Mitterrand;Mauroy;Rel Extérieures;1983/03/23;1984/07/19;5;22
Chandernagor;André;Mitterrand;Mauroy;Aff européennes;1983/03/23;1984/07/19;5;22
Savary;Alain;Mitterrand;Mauroy;Educ Nat;1983/03/23;1984/07/19;5;22
Rigout;Marcel;Mitterrand;Mauroy;Form Prof;1983/03/23;1984/07/19;5;22
Fabius;Laurent;Mitterrand;Mauroy;Recherche;1983/03/23;1984/07/19;5;22
Lang;Jack;Mitterrand;Mauroy;Culture;1983/03/23;1984/07/19;5;22
Badinter;Robert;Mitterrand;Mauroy;Justice;1983/03/23;1984/07/19;5;22
Deferre;Gaston;Mitterrand;Mauroy;Intérieur;1983/03/23;1984/07/19;5;22
Hernu;Charles;Mitterrand;Mauroy;Défense;1983/03/23;1984/07/19;5;22
Roudy;Yvette;Mitterrand;Mauroy;Droit femmes;1983/03/23;1984/07/19;5;22
Rocard;Michel;Mitterrand;Mauroy;Agriculture;1983/03/23;1984/07/19;5;22
Bérégovoy;Pierre;Mitterrand;Mauroy;Aff sociales;1983/03/23;1984/07/19;5;22
Ralite;Jacques;Mitterrand;Mauroy;Emploi;1983/03/23;1984/07/19;5;22
Cresson;Edith;Mitterrand;Mauroy;Commerce ext;1983/03/23;1984/07/19;5;22
Nucci;Christian;Mitterrand;Mauroy;coopération;1983/03/23;1984/07/19;5;22
Mexandeau;Louis;Mitterrand;Mauroy;PTT;1983/03/23;1984/07/19;5;22
Fiterman;Charles;Mitterrand;Mauroy;Equip-Transport;1983/03/23;1984/07/19;5;22
Quillot;Roger;Mitterrand;Mauroy;Logement;1983/03/23;1984/07/19;5;22
Avice;Edwige;Mitterrand;Mauroy;Temps libre;1983/03/23;1984/07/19;5;22
Labarère;André;Mitterrand;Mauroy;Rel Parlement;1983/03/23;1984/07/19;5;22
Bérégovoy;Pierre;Mitterrand;Fabius;Finances;1984/07/19;1986/03/20;5;23
Cheysson;Claude;Mitterrand;Fabius;Rel Extérieures;1984/07/19;1986/12/07;5;23
Dumas;Roland;Mitterrand;Fabius;Rel Extérieures;1986/12/07;1986/03/20;5;23
Dumas;Roland;Mitterrand;Fabius;Aff européennes;1984/07/19;1986/12/07;5;23
Lalumière;Catherine;Mitterrand;Fabius;Aff européennes;1986/12/07;1986/03/20;5;23
Pisani;Edgard;Mitterrand;Fabius;N-Calédonie;1984/07/19;1986/03/20;5;23
Chevênnement;Jean-Pierre;Mitterrand;Fabius;Educ Nat;1984/07/19;1986/03/20;5;23
Curien;Hubert;Mitterrand;Fabius;Recherche;1984/07/19;1986/03/20;5;23
Lang;Jack;Mitterrand;Fabius;Culture;1984/07/19;1986/03/20;5;23
Badinter;Robert;Mitterrand;Fabius;Justice;1984/07/19;1986/03/20;5;23
Joxe;Pierre;Mitterrand;Fabius;Intérieur;1984/07/19;1986/03/20;5;23
Hernu;Charles;Mitterrand;Fabius;Défense;1984/07/19;1985/09/20;5;23
Quilles;Paul;Mitterrand;Fabius;Défense;1985/09/20;1986/03/20;5;23
Roudy;Yvette;Mitterrand;Fabius;Droits des femmes;1984/07/19;1986/03/20;5;23
Nucci;Christian;Mitterrand;Fabius;coopération;1984/07/19;1986/03/20;5;23
Rocard;Michel;Mitterrand;Fabius;Agriculture;1984/07/19;1985/04/04;5;23
Nallet;Henri;Mitterrand;Fabius;Agriculture;1985/04/04;1986/03/20;5;23
Delebarre;Michel;Mitterrand;Fabius;Travail Emploi;1984/07/19;1986/03/20;5;23
Dufoix;Georgina;Mitterrand;Fabius;Aff sociales;1984/07/19;1986/03/20;5;23
Crépeau;Michel;Mitterrand;Fabius;Comm Artisanat;1984/07/19;1986/03/20;5;23
Deferre;Gaston;Mitterrand;Fabius;Plan-Territoire;1984/07/19;1986/03/20;5;23
Cresson;Edith;Mitterrand;Fabius;Commerce Ext;1984/07/19;1986/03/20;5;23
Calmat;Alain;Mitterrand;Fabius;Jeunesse-Sports;1984/07/19;1986/03/20;5;23
Mexandeau;Louis;Mitterrand;Fabius;PTT;1984/07/19;1986/03/20;5;23
Labarrère;André;Mitterrand;Fabius;Rel Parlement;1984/07/19;1986/03/20;5;23
Balladur;Edouard;Mitterrand;Chirac;Finances;1986/03/20;1988/04/30;5;24
Juppé;Alain;Mitterrand;Chirac;Budget;1986/03/20;1988/04/30;5;24
Raimond;Jean-Bernard;Mitterrand;Chirac;Aff Etrangères;1986/03/20;1988/04/30;5;24
Bosson;Bernard;Mitterrand;Chirac;Aff européennes;1986/08/13;1988/04/30;5;24
Monory;René;Mitterrand;Chirac;Educ Nat;1986/03/20;1988/04/30;5;24
Devaquet;Alain;Mitterrand;Chirac;Recherche Ens sup;1986/03/20;1988/04/30;5;24
Léotard;François;Mitterrand;Chirac;Culture;1986/03/20;1988/04/30;5;24
Chalandon;Albin;Mitterrand;Chirac;Justice;1986/03/20;1988/04/30;5;24
Pasqua;Charles;Mitterrand;Chirac;Intérieur;1986/03/20;1988/04/30;5;24
Pandraud;Robert;Mitterrand;Chirac;Sécurité;1986/03/20;1988/04/30;5;24
Giraud;André;Mitterrand;Chirac;Défense;1986/03/20;1988/04/30;5;24
Pons;Bernard;Mitterrand;Chirac;DOM-TOM;1986/03/20;1988/04/30;5;24
Aurillac;Michel;Mitterrand;Chirac;coopération;1986/03/20;1988/04/30;5;24
Cabana;Camille;Mitterrand;Chirac;Ref Adminis;1986/08/13;1988/04/30;5;24
Guillaume;François;Mitterrand;Chirac;Agriculture;1986/03/20;1988/04/30;5;24
Barzach;Michèle;Mitterrand;Chirac;Santé;1986/03/20;1988/04/30;5;24
Séguin;Philippe;Mitterrand;Chirac;Aff sociales Empl;1986/03/20;1988/04/30;5;24
Chavannes;Georges;Mitterrand;Chirac;Comm Artisanat;1986/03/20;1988/04/30;5;24
Noir;Michel;Mitterrand;Chirac;Commerce Ext;1986/03/20;1988/04/30;5;24
Madelin;Alain;Mitterrand;Chirac;Indus PTT;1986/03/20;1988/04/30;5;24
Méhaignerie;Pierre;Mitterrand;Chirac;Equip Loge Terri;1986/03/20;1988/04/30;5;24
Douffiagues;Jacques;Mitterrand;Chirac;Transports;1986/03/20;1988/04/30;5;24
Charrette;Hervé de;Mitterrand;Chirac;Plan Fonct Pub;1986/03/20;1988/04/30;5;24
Galand;Yves;Mitterrand;Chirac;Collect Locales;1986/08/13;1988/04/30;5;24
Descamps;Jean-Jacques;Mitterrand;Chirac;Tourisme;1986/03/20;1988/04/30;5;24
Carignon;Alain;Mitterrand;Chirac;Environnement;1986/03/20;1988/04/30;5;24
Rossinot;André;Mitterrand;Chirac;Rel Parlement;1986/03/20;1988/04/30;5;24
Bérégovoy;Pierre;Mitterrand;Rocard;Finances;1988/05/12;1991/05/14;5;25
Charasse;Michel;Mitterrand;Rocard;Budget;1988/05/12;1991/05/14;5;25
Dumas;Roland;Mitterrand;Rocard;Aff Etrangères;1988/05/12;1991/05/14;5;25
Avice;Edwige;Mitterrand;Rocard;Del Aff Etrangères;1988/05/12;1991/05/14;5;25
Cresson;Edith;Mitterrand;Rocard;Aff européennes;1988/05/12;1990/12/02;5;25
Guigou;Elisabeth;Mitterrand;Rocard;Aff européennes;1990/12/02;1991/05/14;5;25
Stirn;Olivier;Mitterrand;Rocard;DOM-TOM;1988/05/12;1991/05/14;5;25
Le Pensec;Louis;Mitterrand;Rocard;DOM-TOM;1988/05/12;1991/05/14;5;25
Jospin;Lionel;Mitterrand;Rocard;Educ Nat Recherche;1988/05/12;1991/05/14;5;25
Curien;Hubert;Mitterrand;Rocard;Recherche;1988/05/12;1991/05/14;5;25
Lang;Jack;Mitterrand;Rocard;Cult communication;1988/05/12;1991/05/14;5;25
Decaux;Alain;Mitterrand;Rocard;Francophonie;1988/05/12;1991/05/14;5;25
Arpaillange;Pierre;Mitterrand;Rocard;Justice;1988/05/12;1990/12/02;5;25
Nallet;Henri;Mitterrand;Rocard;Justice;1990/12/02;1991/05/14;5;25
Kiejman;Georges;Mitterrand;Rocard;Del Justice;1988/05/12;1991/05/14;5;25
Joxe;Pierre;Mitterrand;Rocard;Intérieur;1988/05/12;1991/05/14;5;25
Chevênnement;Jean-Pierre;Mitterrand;Rocard;Défense;1988/05/12;1991/01/29;5;25
Marchand;Philippe;Mitterrand;Rocard;Défense;1991/01/29;1991/05/14;5;25
Dufoix;Georgina;Mitterrand;Rocard;Famille;1988/05/12;1991/05/14;5;25
Pelletier;Jacques;Mitterrand;Rocard;coopération;1988/05/12;1991/05/14;5;25
Nallet;Henri;Mitterrand;Rocard;Agriculture;1988/05/12;1990/12/02;5;25
Mermaz;Louis;Mitterrand;Rocard;Agriculture;1990/12/02;1991/05/14;5;25
Schwartzenberg;Léon;Mitterrand;Rocard;Santé;1988/05/12;1991/05/14;5;25
Durieu;Bruno;Mitterrand;Rocard;Del santé;1988/05/12;1991/05/14;5;25
Evin;Claude;Mitterrand;Rocard;Santé SS;1988/05/12;1991/05/14;5;25
Delebarre;Michel;Mitterrand;Rocard;Aff sociales Empl;1988/05/12;1988/06/28;5;25
Soisson;Jean-Pierre;Mitterrand;Rocard;Travail;1988/06/28;1991/05/14;5;25
Fauroux;Roger;Mitterrand;Rocard;Comm Ext Indus;1988/05/12;1991/05/14;5;25
Doubin;François;Mitterrand;Rocard;Comm Artisanat;1988/05/12;1991/05/14;5;25
Quilès;Paul;Mitterrand;Rocard;PTT Espace;1988/05/12;1991/05/14;5;25
Chérèque;Jacques;Mitterrand;Rocard;Territoire;1988/05/12;1991/05/14;5;25
Faure;Maurice;Mitterrand;Rocard;Equip Logement;1988/05/12;1989/02/22;5;25
Mermaz;Louis;Mitterrand;Rocard;Transports;1988/05/12;1991/05/14;5;25
Le Pensec;Louis;Mitterrand;Rocard;Mer;1988/05/12;1988/06/28;5;25
Delebarre;Michel;Mitterrand;Rocard;Mer;1988/06/28;1991/05/14;5;25
Braun;Théo;Mitterrand;Rocard;Personnes agées;1988/05/12;1991/05/14;5;25
Durafour;Michel;Mitterrand;Rocard;Fonct publique;1988/05/12;1991/05/14;5;25
Tasca;Catherine;Mitterrand;Rocard;Communication;1988/05/12;1991/05/14;5;25
Poperen;Jean;Mitterrand;Rocard;Rel Parlement;1988/05/12;1991/05/14;5;25
Bérégovoy;Pierre;Mitterrand;Cresson;Finances;1991/05/14;1992/03/31;5;26
Dumas;Roland;Mitterrand;Cresson;Aff Etrangères;1991/05/14;1992/03/31;5;26
Le Pensec;Louis;Mitterrand;Cresson;DOM-TOM;1991/05/14;1992/03/31;5;26
Avice;Edwige;Mitterrand;Cresson;coopération;1991/05/14;1992/03/31;5;26
Jospin;Lionel;Mitterrand;Cresson;Educ Nat;1991/05/14;1992/03/31;5;26
Curien;Hubert;Mitterrand;Cresson;Recherche;1991/05/14;1992/03/31;5;26
Lang;Jack;Mitterrand;Cresson;Cult communication;1991/05/14;1992/03/31;5;26
Nallet;Henri;Mitterrand;Cresson;Justice;1991/05/14;1992/03/31;5;26
Marchand;Philippe;Mitterrand;Cresson;Intérieur;1991/05/14;1992/03/31;5;26
Joxe;Pierre;Mitterrand;Cresson;Défense;1991/05/14;1992/03/31;5;26
Mermaz;Louis;Mitterrand;Cresson;Agriculture;1991/05/14;1992/03/31;5;26
Bianco;Jean-Louis;Mitterrand;Cresson;Aff sociales;1991/05/14;1992/03/31;5;26
Aubry;Martine;Mitterrand;Cresson;Travail Emploi;1991/05/14;1992/03/31;5;26
Strauss-Kahn;Dominique;Mitterrand;Cresson;Comm Ext Indus;1991/05/14;1992/03/31;5;26
Delebarre;Michel;Mitterrand;Cresson;Ville Territoire;1991/05/14;1992/03/31;5;26
Lalonde;Brice;Mitterrand;Cresson;Environnement;1991/05/14;1992/03/31;5;26
Quilès;Paul;Mitterrand;Cresson;Equip Logement;1991/05/14;1992/03/31;5;26
Bredin;Frédérique;Mitterrand;Cresson;Jeunesse-Sports;1991/05/14;1992/03/31;5;26
Poperen;Jean;Mitterrand;Cresson;Rel Parlement;1991/05/14;1992/03/31;5;26
Soisson;Jean-Pierre;Mitterrand;Cresson;Fonct publique;1991/05/14;1992/03/31;5;26
Sapin;Michel;Mitterrand;Bérégovoy;Finances;1992/04/02;1993/03/28;5;27
Charasse;Michel;Mitterrand;Bérégovoy;Budget;1992/04/02;1993/03/28;5;27
Dumas;Roland;Mitterrand;Bérégovoy;Aff Etrangères;1992/04/02;1993/03/28;5;27
Kiejman;Georges;Mitterrand;Bérégovoy;Del Aff Etrangères;1992/04/02;1993/03/28;5;27
Le Pensec;Louis;Mitterrand;Bérégovoy;DOM-TOM;1992/04/02;1993/03/28;5;27
Avice;Edwige;Mitterrand;Bérégovoy;coopération;1992/04/02;1993/03/28;5;27
Guigou;Elisabeth;Mitterrand;Bérégovoy;Aff européennes;1992/04/02;1993/03/28;5;27
Lang;Jack;Mitterrand;Bérégovoy;Educ Nat-Cult;1992/04/02;1993/03/28;5;27
Curien;Hubert;Mitterrand;Bérégovoy;Recherche;1992/04/02;1993/03/28;5;27
Vauzelle;Michel;Mitterrand;Bérégovoy;Justice;1992/04/02;1993/03/28;5;27
Quilès;Paul;Mitterrand;Bérégovoy;Intérieur;1992/04/02;1993/03/28;5;27
Joxe;Pierre;Mitterrand;Bérégovoy;Défense;1992/04/02;1993/03/28;5;27
Mermaz;Louis;Mitterrand;Bérégovoy;Agriculture;1992/04/02;1992/12/02;5;27
Soisson;Jean-Pierre;Mitterrand;Bérégovoy;Agriculture;1992/12/02;1993/03/28;5;27
Kouchner;Bernard;Mitterrand;Bérégovoy;Santé;1992/04/02;1993/03/28;5;27
Teulade;René;Mitterrand;Bérégovoy;Aff sociales;1992/04/02;1993/03/28;5;27
Aubry;Martine;Mitterrand;Bérégovoy;Travail Emploi;1992/04/02;1993/03/28;5;27
Strauss-Kahn;Dominique;Mitterrand;Bérégovoy;Comm Ext Indus;1992/04/02;1993/03/28;5;27
Bianco;Jean-Louis;Mitterrand;Bérégovoy;Equip Logement;1992/04/02;1993/03/28;5;27
Tapie;Bernard;Mitterrand;Bérégovoy;Ville;1992/04/02;1992/05/23;5;27
Royal;Ségolène;Mitterrand;Bérégovoy;Environnement;1992/04/02;1993/03/28;5;27
Zuccarelli;Emile;Mitterrand;Bérégovoy;PTT;1992/04/02;1993/03/28;5;27
Bredin;Frédérique;Mitterrand;Bérégovoy;Jeunesse-Sports;1992/04/02;1993/03/28;5;27
Delebarre;Michel;Mitterrand;Bérégovoy;Fonct publique;1992/04/02;1993/03/28;5;27
Poperen;Jean;Mitterrand;Bérégovoy;Rel Parlement;1992/04/02;1992/12/02;5;27
Mermaz;Louis;Mitterrand;Bérégovoy;Rel Parlement;1992/12/02;1993/03/28;5;27
Alphandéry;Edmond;Mitterrand;Balladur;Finances;1993/03/28;1995/05/16;5;28
Sarkozy;Nicolas;Mitterrand;Balladur;Budget;1993/03/28;1995/05/16;5;28
Juppé;Alain;Mitterrand;Balladur;Aff Etrangères;1993/03/28;1995/05/16;5;28
Perben;Dominique;Mitterrand;Balladur;DOM-TOM;1993/03/28;1995/05/16;5;28
Roussin;Michel;Mitterrand;Balladur;coopération;1993/03/28;1995/05/16;5;28
Bayrou;François;Mitterrand;Balladur;Educ Nat;1993/03/28;1995/05/16;5;28
Fillon;François;Mitterrand;Balladur;Recherche Ens sup;1993/03/28;1995/05/16;5;28
Toubon;Jacques;Mitterrand;Balladur;Culture Franco;1993/03/28;1995/05/16;5;28
Méhaignerie;Pierre;Mitterrand;Balladur;Justice;1993/03/28;1995/05/16;5;28
Pasqua;Charles;Mitterrand;Balladur;Intérieur;1993/03/28;1995/05/16;5;28
Léotard;François;Mitterrand;Balladur;Défense;1993/03/28;1995/05/16;5;28
Rossinot;André;Mitterrand;Balladur;Fonct publique;1993/03/28;1995/05/16;5;28
Puech;Jean;Mitterrand;Balladur;Agriculture;1993/03/28;1995/05/16;5;28
Veil;Simone;Mitterrand;Balladur;Santé aff sociales;1993/03/28;1995/05/16;5;28
Giraud;Michel;Mitterrand;Balladur;Travail Emploi;1993/03/28;1995/05/16;5;28
Longuet;Gérard;Mitterrand;Balladur;Comm Ext;1993/03/28;1995/05/16;5;28
Madelin;Alain;Mitterrand;Balladur;PME-Comm-Artis;1993/03/28;1995/05/16;5;28
Bosson;Bernard;Mitterrand;Balladur;Equip-Transport;1993/03/28;1995/05/16;5;28
Barnier;Michel;Mitterrand;Balladur;Environnement;1993/03/28;1995/05/16;5;28
Charrette;Hervé de;Mitterrand;Balladur;Logement;1993/03/28;1995/05/16;5;28
Alliot-Marie;Michèle;Mitterrand;Balladur;Jeunesse-Sports;1993/03/28;1995/05/16;5;28
Carignon;Alain;Mitterrand;Balladur;Communication;1993/03/28;1995/05/16;5;28
Mestre;Philippe;Mitterrand;Balladur;Anciens-Combat;1993/03/28;1995/05/16;5;28
Madelin;Alain;Chirac;Juppé;Finances;1995/05/18;1995/11/07;5;29
Charrette;Hervé de;Chirac;Juppé;Aff Etrangères;1995/05/18;1995/11/07;5;29
Peretti;Jean-jacques de;Chirac;Juppé;Outre-mer;1995/05/18;1995/11/07;5;29
Godfrain;Jacques;Chirac;Juppé;coopération;1995/05/18;1995/11/07;5;29
Bayrou;François;Chirac;Juppé;Educ Nat;1995/05/18;1995/11/07;5;29
Toubon;Jacques;Chirac;Juppé;Justice;1995/05/18;1995/11/07;5;29
Debré;Jean-Louis;Chirac;Juppé;Intérieur;1995/05/18;1995/11/07;5;29
Millon;Charles;Chirac;Juppé;Défense;1995/05/18;1995/11/07;5;29
Arthuis;Jean;Chirac;Juppé;Dev économique;1995/05/18;1995/11/07;5;29
Raoult;Eric;Chirac;Juppé;Intégration;1995/05/18;1995/11/07;5;29
Puech;Jean;Chirac;Juppé;Fonct publique;1995/05/18;1995/11/07;5;29
Romani;Roger;Chirac;Juppé;Rel Parlement;1995/05/18;1995/11/07;5;29
Lepage;Corinne;Chirac;Juppé;Environnement;1995/05/18;1995/11/07;5;29
Vasseur;Philippe;Chirac;Juppé;Agriculture;1995/05/18;1995/11/07;5;29
Hubert;Elisabeth;Chirac;Juppé;Santé Assur maladie;1995/05/18;1995/11/07;5;29
Codaccioni;Colette;Chirac;Juppé;Solidarité;1995/05/18;1995/11/07;5;29
Barrot;Jacques;Chirac;Juppé;Travail;1995/05/18;1995/11/07;5;29
Galand;Yves;Chirac;Juppé;Industrie;1995/05/18;1995/11/07;5;29
Raffarin;Jean-Pierre;Chirac;Juppé;PME-Comm-Artis;1995/05/18;1995/11/07;5;29
Fillon;François;Chirac;Juppé;Techno Inform Postes;1995/05/18;1995/11/07;5;29
Pons;Bernard;Chirac;Juppé;Territoire Equip;1995/05/18;1995/11/07;5;29
Goasguen;Claude;Chirac;Juppé;Fonct publique;1995/05/18;1995/11/07;5;29
Périssol;Pierre-André;Chirac;Juppé;Logement;1995/05/18;1995/11/07;5;29
Drut;Guy;Chirac;Juppé;Jeunesse-Sports;1995/05/18;1995/11/07;5;29
Panafieu;Françoise de;Chirac;Juppé;Tourisme;1995/05/18;1995/11/07;5;29
Pasquini;Pierre;Chirac;Juppé;Anciens-Combat;1995/05/18;1995/11/07;5;29
Arthuis;Jean;Chirac;Juppé;Finances;1995/11/07;1997/06/02;5;30
Charrette;Hervé de;Chirac;Juppé;Aff Etrangères;1995/11/07;1997/06/02;5;30
Bayrou;François;Chirac;Juppé;Educ Nat;1995/11/07;1997/06/02;5;30
Douste-Blazy;Philippe;Chirac;Juppé;Culture;1995/11/07;1997/06/02;5;30
Toubon;Jacques;Chirac;Juppé;Justice;1995/11/07;1997/06/02;5;30
Debré;Jean-Louis;Chirac;Juppé;Intérieur;1995/11/07;1997/06/02;5;30
Millon;Charles;Chirac;Juppé;Défense;1995/11/07;1997/06/02;5;30
Vasseur;Philippe;Chirac;Juppé;Agriculture;1995/11/07;1997/06/02;5;30
Barrot;Jacques;Chirac;Juppé;Travail;1995/11/07;1997/06/02;5;30
Raffarin;Jean-Pierre;Chirac;Juppé;PME-Comm-Artis;1995/11/07;1997/06/02;5;30
Borotra;Franck;Chirac;Juppé;Industrie PTT;1995/11/07;1997/06/02;5;30
Gaudin;Jean-Claude;Chirac;Juppé;Territoire Ville;1995/11/07;1997/06/02;5;30
Lepage;Corinne;Chirac;Juppé;Environnement;1995/11/07;1997/06/02;5;30
Perben;Dominique;Chirac;Juppé;Fonct publique;1995/11/07;1997/06/02;5;30
Romani;Roger;Chirac;Juppé;Rel Parlement;1995/11/07;1997/06/02;5;30
Strauss-Kahn;Dominique;Chirac;Jospin;Finances;1997/06/02;1999/11/02;5;31
Sautter;Christian;Chirac;Jospin;Finances;1999/11/02;2000/03/27;5;31
Védrine;Hubert;Chirac;Jospin;Aff Etrangères;1997/06/02;2000/03/27;5;31
Moscovici;Pierre;Chirac;Jospin;Aff européennes;1997/06/02;2000/03/27;5;31
Allègre;Claude;Chirac;Jospin;Educ Nat;1997/06/02;2000/03/27;5;31
Royal;Ségolène;Chirac;Jospin;Ens scolaire;1997/06/02;2000/03/27;5;31
Trautmann;Catherine;Chirac;Jospin;Culture;1997/06/02;2000/03/27;5;31
Guigou;Elisabeth;Chirac;Jospin;Justice;1997/06/02;2000/03/27;5;31
Chevênement;Jean-Pierre;Chirac;Jospin;Intérieur;1997/06/02;2000/03/27;5;31
Richard;Alain;Chirac;Jospin;Défense;1997/06/02;2000/03/27;5;31
Le Pensec;Louis;Chirac;Jospin;Agriculture;1997/06/02;1998/12/20;5;31
Glavany;Jean;Chirac;Jospin;Agriculture;1998/12/20;2000/03/27;5;31
Aubry;Martine;Chirac;Jospin;Emploi Solidarité;1997/06/02;2000/03/27;5;31
Gayssot;Jean-Claude;Chirac;Jospin;Equip-Transp-Log;1997/06/02;2000/03/27;5;31
Voynet;Dominique;Chirac;Jospin;Territoire Envir;1997/06/02;2000/03/27;5;31
Buffet;Marie-Georges;Chirac;Jospin;Jeunesse-Sports;1997/06/02;2000/03/27;5;31
Zuccarelli;Emile;Chirac;Jospin;Fonct publique;1997/06/02;2000/03/27;5;31
Vaillant;Daniel;Chirac;Jospin;Rel Parlement;1997/06/02;2000/03/27;5;31
Fabius;Laurent;Chirac;Jospin;Finances;2000/03/27;2002/05/06;5;32
Hascoët;Guy;Chirac;Jospin;Eco solidaire;2000/03/27;2002/05/06;5;32
Védrine;Hubert;Chirac;Jospin;Aff Etrangères;2000/03/27;2002/05/06;5;32
Moscovici;Pierre;Chirac;Jospin;Aff européennes;2000/03/27;2002/05/06;5;32
Lang;Jack;Chirac;Jospin;Educ Nat;2000/03/27;2002/05/06;5;32
Royal;Ségolène;Chirac;Jospin;Ens scolaire;2000/03/27;2002/05/06;5;32
Schwartzenberg;Roger-Gérard;Chirac;Jospin;Recherche;2000/03/27;2002/05/06;5;32
Mélenchon;Jean-Luc;Chirac;Jospin;Ens professionnel;2000/03/27;2002/05/06;5;32
Tasca;Catherine;Chirac;Jospin;Culture;2000/03/27;2002/05/06;5;32
Guigou;Elisabeth;Chirac;Jospin;Justice;2000/03/27;2000/12/18;5;32
Lebranchu;Marylise;Chirac;Jospin;Justice;2000/12/18;2002/05/06;5;32
ChevênementJean-Pierre;;Chirac;Jospin;Intérieur;2000/03/27;2000/08/29;5;32
Vaillant;Daniel;Chirac;Jospin;Intérieur;2000/08/29;2002/05/06;5;32
Richard;Alain;Chirac;Jospin;Défense;2000/03/27;2002/05/06;5;32
Glavany;Jean;Chirac;Jospin;Agriculture;2000/03/27;2002/05/06;5;32
Aubry;Martine;Chirac;Jospin;Emploi Solidarité;2000/03/27;2000/12/18;5;32
Guigou;Elisabeth;Chirac;Jospin;Emploi Solidarité;2000/12/18;2002/05/06;5;32
Kouchner;Bernard;Chirac;Jospin;Santé;2000/03/27;2002/05/06;5;32
Gayssot;Jean-Claude;Chirac;Jospin;Equip-Transp-Log;2000/03/27;2002/05/06;5;32
Voynet;Dominique;Chirac;Jospin;Territoire Envir;2000/03/27;2001/07/09;5;32
Cochet;Yves;Chirac;Jospin;Territoire Envir;2001/07/09;2002/05/06;5;32
Buffet;Marie-Georges;Chirac;Jospin;Jeunesse-Sports;2000/03/27;2002/05/06;5;32
Sapin;Michel;Chirac;Jospin;Fonct publique;2000/03/27;2002/05/06;5;32
Durafour;Michel;Chirac;Jospin;Patrimoine;2000/03/27;2002/05/06;5;32
Vaillant;Daniel;Chirac;Jospin;Rel Parlement;2000/03/27;2002/05/06;5;32
Mer;Francis;Chirac;Raffarin;Finances;2002/05/06;2002/06/17;5;33
Lambert;Alain;Chirac;Raffarin;Budget;2002/05/06;2002/06/17;5;33
Villepin;Dominique Galouzeau de;Chirac;Raffarin;Aff Etrangères;2002/05/06;2002/06/17;5;33
Donnedieu de Vabres;Renaud;Chirac;Raffarin;Aff européennes;2002/05/06;2002/06/17;5;33
Girardin;Brigitte;Chirac;Raffarin;Outre-mer;2002/05/06;2002/06/17;5;33
Ferry;Luc;Chirac;Raffarin;Educ Nat;2002/05/06;2002/06/17;5;33
Darcos;Xavier;Chirac;Raffarin;Ens scolaire;2002/05/06;2002/06/17;5;33
Loos;François;Chirac;Raffarin;Ens supérieur;2002/05/06;2002/06/17;5;33
Aillagon;Jean-Jacques;Chirac;Raffarin;Culture;2002/05/06;2002/06/17;5;33
Perben;Dominique;Chirac;Raffarin;Justice;2002/05/06;2002/06/17;5;33
Sarkozy;Nicolas;Chirac;Raffarin;Intérieur;2002/05/06;2002/06/17;5;33
Alliot-Marie;Michèle;Chirac;Raffarin;Défense;2002/05/06;2002/06/17;5;33
Gaymard;Hervé;Chirac;Raffarin;Agriculture;2002/05/06;2002/06/17;5;33
Mattéi;Jean-François;Chirac;Raffarin;Santé Famille;2002/05/06;2002/06/17;5;33
Fillon;François;Chirac;Raffarin;Aff sociales-Travail;2002/05/06;2002/06/17;5;33
Robien;Gilles de;Chirac;Raffarin;Equip-Transp-Log;2002/05/06;2002/06/17;5;33
Delevoye;Jean-Paul;Chirac;Raffarin;Fonct publique;2002/05/06;2002/06/17;5;33
Borloo;Jean-Louis;Chirac;Raffarin;Ville;2002/05/06;2002/06/17;5;33
Bachelot-Narquin;Roselyne;Chirac;Raffarin;Ecologie;2002/05/06;2002/06/17;5;33
Lamour;Jean-François;Chirac;Raffarin;Sports;2002/05/06;2002/06/17;5;33
Devedjian;Patrick;Chirac;Raffarin;Libertés locales;2002/05/06;2002/06/17;5;33
Mer;Francis;Chirac;Raffarin;Finances;2002/06/17;2004/03/30;5;34
Lambert;Alain;Chirac;Raffarin;Budget;2002/06/17;2004/03/30;5;34
Villepin;Dominique Galouzeau de;Chirac;Raffarin;Aff Etrangères;2002/06/17;2004/03/30;5;34
Lenoir;Noëlle;Chirac;Raffarin;Aff européennes;2002/06/17;2004/03/30;5;34
Wiltzer;Pierre-André;Chirac;Raffarin;Coopération;2002/06/17;2004/03/30;5;34
Ferry;Luc;Chirac;Raffarin;Educ Nat;2002/06/17;2004/03/30;5;34
Haigneré;Claudie;Chirac;Raffarin;Recherche;2002/06/17;2004/03/30;5;34
Darcos;Xavier;Chirac;Raffarin;Ens scolaire;2002/06/17;2004/03/30;5;34
Aillagon;Jean-Jacques;Chirac;Raffarin;Culture;2002/06/17;2004/03/30;5;34
Perben;Dominique;Chirac;Raffarin;Justice;2002/06/17;2004/03/30;5;34
Sarkozy;Nicolas;Chirac;Raffarin;Intérieur;2002/06/17;2004/03/30;5;34
Devedjian;Patrick;Chirac;Raffarin;Libertés locales;2002/06/17;2004/03/30;5;34
Alliot-Marie;Michèle;Chirac;Raffarin;Défense;2002/06/17;2004/03/30;5;34
Gaymard;Hervé;Chirac;Raffarin;Agriculture;2002/06/17;2004/03/30;5;34
Mattéi;Jean-François;Chirac;Raffarin;Santé Famille;2002/06/17;2004/03/30;5;34
Fillon;François;Chirac;Raffarin;Aff sociales-Travail;2002/06/17;2004/03/30;5;34
Fontaine;Nicole;Chirac;Raffarin;Industrie;2002/06/17;2004/03/30;5;34
Loos;François;Chirac;Raffarin;Commerce Ext;2002/06/17;2004/03/30;5;34
Robien;Gilles de;Chirac;Raffarin;Equip-Transp-Log;2002/06/17;2004/03/30;5;34
Borloo;Jean-Louis;Chirac;Raffarin;Ville;2002/06/17;2004/03/30;5;34
Delevoye;Jean-Paul;Chirac;Raffarin;Fonct publique;2002/06/17;2004/03/30;5;34
Bachelot-Narquin;Roselyne;Chirac;Raffarin;Ecologie;2002/06/17;2004/03/30;5;34
Jacob;Christian;Chirac;Raffarin;Famille;2002/06/17;2004/03/30;5;34
Ameline;Nicole;Chirac;Raffarin;Parité;2002/06/17;2004/03/30;5;34
Lamour;Jean-François;Chirac;Raffarin;Sports;2002/06/17;2004/03/30;5;34
Girardin;Brigitte;Chirac;Raffarin;Outre-mer;2002/06/17;2004/03/30;5;34
Sarkozy;Nicolas;Chirac;Raffarin;Finances;2004/03/30;2005/05/31;5;35
Gaymard;Hervé;Chirac;Raffarin;Finances;2004/03/30;2005/05/31;5;35
Breton;Thierry;Chirac;Raffarin;Finances;2004/03/30;2005/05/31;5;35
Barnier;Michel;Chirac;Raffarin;Aff Etrangères;2004/03/30;2005/05/31;5;35
Haigneré;Claudie;Chirac;Raffarin;Aff européennes;2004/03/30;2005/05/31;5;35
Darcos;Xavier;Chirac;Raffarin;Coopération;2004/03/30;2005/05/31;5;35
Girardin;Brigitte;Chirac;Raffarin;Outre-mer;2004/03/30;2005/05/31;5;35
Fillon;François;Chirac;Raffarin;Educ Nat;2004/03/30;2005/05/31;5;35
Aubert;François d';Chirac;Raffarin;Recherche;2004/03/30;2005/05/31;5;35
Donnedieu de Vabres;Renaud;Chirac;Raffarin;Culture;2004/03/30;2005/05/31;5;35
Perben;Dominique;Chirac;Raffarin;Justice;2004/03/30;2005/05/31;5;35
Villepin;Dominique Galouzeau de;Chirac;Raffarin;Intérieur;2004/03/30;2005/05/31;5;35
Copé;Jean-François;Chirac;Raffarin;Del à l'Intérieur;2004/03/30;2005/05/31;5;35
Alliot-Marie;Michèle;Chirac;Raffarin;Défense;2004/03/30;2005/05/31;5;35
Dutreil;Renaud;Chirac;Raffarin;Fonct publique;2004/03/30;2005/05/31;5;35
Daubresse;Marc-Philippe;Chirac;Raffarin;Ville;2004/03/30;2005/05/31;5;35
Gaymard;Hervé;Chirac;Raffarin;Agriculture;2004/03/30;2005/05/31;5;35
Bussereau;Dominique;Chirac;Raffarin;Agriculture;2004/03/30;2005/05/31;5;35
Douste-Blazy;Philippe;Chirac;Raffarin;Santé Famille;2004/03/30;2005/05/31;5;35
Borloo;Jean-Louis;Chirac;Raffarin;Emploi--Travail;2004/03/30;2005/05/31;5;35
Larcher;Gérard;Chirac;Raffarin;Relations du travail;2004/03/30;2005/05/31;5;35
Jacob;Christian;Chirac;Raffarin;Comm-Artisanat-PME;2004/03/30;2005/05/31;5;35
Loos;François;Chirac;Raffarin;Commerce Ext;2004/03/30;2005/05/31;5;35
Devedjian;Patrick;Chirac;Raffarin;Industrie;2004/03/30;2005/05/31;5;35
Robien;Gilles de;Chirac;Raffarin;Equip-Transp-Log;2004/03/30;2005/05/31;5;35
Bertrand;Léon;Chirac;Raffarin;Tourisme;2004/03/30;2005/05/31;5;35
Roig;Marie-Josée;Chirac;Raffarin;Famille;2004/03/30;2005/05/31;5;35
Lamour;Jean-François;Chirac;Raffarin;Jeunesse-Sports;2004/03/30;2005/05/31;5;35
Lepeltier;Serge;Chirac;Raffarin;Ecologie;2004/03/30;2005/05/31;5;35
Ameline;Nicole;Chirac;Raffarin;Parité;2004/03/30;2005/05/31;5;35
Falco;Hubert;Chirac;Raffarin;Personnes agées;2004/03/30;2005/05/31;5;35
Vautrin;Catherine;Chirac;Raffarin;Personnes agées;2004/03/30;2005/05/31;5;35
Olin;Nelly;Chirac;Raffarin;Lutte exclusion;2004/03/30;2005/05/31;5;35
Mekachera;Hamlaoui;Chirac;Raffarin;Anciens-Combat;2004/03/30;2005/05/31;5;35
Breton;Thierry;Chirac;Villepin;Finances;2005/05/31;2007/05/16;5;36
Copé;Jean-François;Chirac;Villepin;Budget;2005/05/31;2007/05/16;5;36
Lagarde;Christine;Chirac;Villepin;Commerce ext;2005/05/31;2007/05/16;5;36
Loos;François;Chirac;Villepin;Industrie;2005/05/31;2007/05/16;5;36
Douste-Blazy;Philippe;Chirac;Villepin;Aff Etrangères;2005/05/31;2007/05/16;5;36
Bussereau;Dominique;Chirac;Villepin;Agri - Pêche;2005/05/31;2007/05/16;5;36
Bertrand;Xavier;Chirac;Villepin;Santé;2005/05/31;2007/05/16;5;36
Borloo;Jean-Louis;Chirac;Villepin;Emploi;2005/05/31;2007/05/16;5;36
Larcher;Gérard;Chirac;Villepin;Emploi (délég);2005/05/31;2007/05/16;5;36
Vautrin;Catherine;Chirac;Villepin;Cohésion Soc;2005/05/31;2007/05/16;5;36
Colonna;Catherine;Chirac;Villepin;Aff Europ;2005/05/31;2007/05/16;5;36
Girardin;Brigitte;Chirac;Villepin;Coopération;2005/05/31;2007/05/16;5;36
Barroin;François;Chirac;Villepin;Outremer;2005/05/31;2007/03/26;5;36
Barroin;François;Chirac;Villepin;Intérieur;2005/03/26;2007/05/16;5;36
Martinon;Hervé;Chirac;Villepin;Outremer;2005/03/26;2007/05/16;5;36
De Robien;Gilles;Chirac;Villepin;Educ Nation;2005/05/31;2007/05/16;5;36
Goulard;François;Chirac;Villepin;Ens Supérieur;2005/05/31;2007/05/16;5;36
Donnedieu de Vabres;Renaud;Chirac;Villepin;Culture;2005/05/31;2007/05/16;5;36
Dutreil;Renaud;Chirac;Villepin;PME;2005/05/31;2007/05/16;5;36
Perben;Dominique;Chirac;Villepin;Equipement;2005/05/31;2007/05/16;5;36
Bertrand;Léon;Chirac;Villepin;Tourisme;2005/05/31;2007/05/16;5;36
Jacob;Christian;Chirac;Villepin;Fonc publique;2005/05/31;2007/05/16;5;36
Lamour;Jean-François;Chirac;Villepin;Jeunesse sport;2005/05/31;2007/05/16;5;36
Clément;Pascal;Chirac;Villepin;Justice;2005/05/31;2007/05/16;5;36
Sarkozy;Nicolas;Chirac;Villepin;Intérieur;2005/05/31;2007/03/26;5;36
Hortefeux;Brice;Chirac;Villepin;Collectivité;2005/05/31;2007/05/16;5;36
Estrosi;Christian;Chirac;Villepin;Am du  territoire;2005/05/31;2007/05/16;5;36
Alliot-Marie;Michèle;Chirac;Villepin;Défense;2005/05/31;2007/05/16;5;36
Olin;Nelly;Chirac;Villepin;Ecologie;2005/05/31;2007/05/16;5;36
Cuq;Henri;Chirac;Villepin;Relations Parl;2005/05/31;2007/05/16;5;36
Begag;Azouz;Chirac;Villepin;Egalité;2005/05/31;2007/04/06;5;36
Borloo;Jean-Louis;Sarkozy;Fillon;Finances;2007/05/20;2007/06/20;5;37
Kouchner;Bernard;Sarkozy;Fillon;Aff Etrangères;2007/05/20;2007/06/20;5;37
Woerth;Eric;Sarkozy;Fillon;Budget;2007/05/20;2007/06/20;5;37
Lagarde;Christine;Sarkozy;Fillon;Agriculture;2007/05/20;2007/06/20;5;37
Bachelot;Roseline;Sarkozy;Fillon;Santé;2007/05/20;2007/06/20;5;37
Bertrand;Xavier;Sarkozy;Fillon;Travail;2007/05/20;2007/06/20;5;37
Boutin;Christine;Sarkozy;Fillon;Logement;2007/05/20;2007/06/20;5;37
Darcos;Xavier;Sarkozy;Fillon;Educ Nat;2007/05/20;2007/06/20;5;37
Pecresse;Valérie;Sarkozy;Fillon;Ens sup;2007/05/20;2007/06/20;5;37
Albanel;Christine;Sarkozy;Fillon;Culture;2007/05/20;2007/06/20;5;37
Dati;Rachida;Sarkozy;Fillon;Justice;2007/05/20;2007/06/20;5;37
Alliot-Marie;Michèle;Sarkozy;Fillon;Intérieur;2007/05/20;2007/06/20;5;37
Morin;Hervé;Sarkozy;Fillon;Défense;2007/05/20;2007/06/20;5;37
Borloo;Jean-Louis;Sarkozy;Fillon;Ecologie;2007/06/20;2009/06/24;5;38
Kouchner;Bernard;Sarkozy;Fillon;Aff Etrangères;2007/06/20;2009/06/24;5;38
Woerth;Eric;Sarkozy;Fillon;Budget;2007/06/20;2009/06/24;5;38
Lagarde;Christine;Sarkozy;Fillon;Finances;2007/06/20;2009/06/24;5;38
Bachelot;Roseline;Sarkozy;Fillon;Santé;2007/06/20;2009/06/24;5;38
Bertrand;Xavier;Sarkozy;Fillon;Travail;2007/06/20;2009/06/24;5;38
Boutin;Christine;Sarkozy;Fillon;Logement;2007/06/20;2009/06/24;5;38
Darcos;Xavier;Sarkozy;Fillon;Educ Nat;2007/06/20;2009/06/24;5;38
Pecresse;Valérie;Sarkozy;Fillon;Ens sup;2007/06/20;2009/06/24;5;38
Albanel;Christine;Sarkozy;Fillon;Culture;2007/06/20;2009/06/24;5;38
Dati;Rachida;Sarkozy;Fillon;Justice;2007/06/20;2009/06/24;5;38
Alliot-Marie;Michèle;Sarkozy;Fillon;Intérieur;2007/06/20;2009/06/24;5;38
Morin;Hervé;Sarkozy;Fillon;Défense;2007/06/20;2009/06/24;5;38
Barnier;Michel;Sarkozy;Fillon;Agriculture;2007/06/20;2009/06/24;5;38
Hortefeux;Brice;Sarkozy;Fillon;Immigration;2007/06/20;2009/06/24;5;38
Borloo;Jean-Louis;Sarkozy;Fillon;Ecologie;2009/06/24;2010/03/22;5;39
Kouchner;Bernard;Sarkozy;Fillon;Aff Etrangères;2009/06/24;2010/03/22;5;39
Woerth;Eric;Sarkozy;Fillon;Budget;2009/06/24;2010/03/22;5;39
Lagarde;Christine;Sarkozy;Fillon;Finances;2009/06/24;2010/03/22;5;39
Bachelot;Roseline;Sarkozy;Fillon;Santé;2009/06/24;2010/03/22;5;39
Darcos;Xavier;Sarkozy;Fillon;Travail;2009/06/24;2010/03/22;5;39
Mercier;Michel;Sarkozy;Fillon;Am territoire;2009/06/24;2010/03/22;5;39
Chatel;Luc;Sarkozy;Fillon;Educ Nat;2009/06/24;2010/03/22;5;39
Pecresse;Valérie;Sarkozy;Fillon;Ens sup;2009/06/24;2010/03/22;5;39
Mitterrand;Frédéric;Sarkozy;Fillon;Culture;2009/06/24;2010/03/22;5;39
Alliot-Marie;Michèle;Sarkozy;Fillon;Justice;2009/06/24;2010/03/22;5;39
Hortefeux;Brice;Sarkozy;Fillon;Intérieur;2009/06/24;2010/03/22;5;39
Morin;Hervé;Sarkozy;Fillon;Défense;2009/06/24;2010/03/22;5;39
Le Maire;Bruno;Sarkozy;Fillon;Agriculture;2009/06/24;2010/03/22;5;39
Estrosi;Christian;Sarkozy;Fillon;Industrie Comm;2009/06/24;2010/03/22;5;39
Besson;Eric;Sarkozy;Fillon;Immigration;2009/06/24;2010/03/22;5;39
Borloo;Jean-Louis;Sarkozy;Fillon;Ecologie;2010/03/22;2010/11/14;5;40
Kouchner;Bernard;Sarkozy;Fillon;Aff Etrangères;2010/03/22;2010/11/14;5;40
Woerth;Eric;Sarkozy;Fillon;Travail;2010/03/22;2010/11/14;5;40
Lagarde;Christine;Sarkozy;Fillon;Finances;2010/03/22;2010/11/14;5;40
Bachelot;Roseline;Sarkozy;Fillon;Santé;2010/03/22;2010/11/14;5;40
Barouin;François;Sarkozy;Fillon;Budget;2010/03/22;2010/11/14;5;40
Mercier;Michel;Sarkozy;Fillon;Am territoire;2010/03/22;2010/11/14;5;40
Chatel;Luc;Sarkozy;Fillon;Educ Nat;2010/03/22;2010/11/14;5;40
Pecresse;Valérie;Sarkozy;Fillon;Ens sup;2010/03/22;2010/11/14;5;40
Mitterrand;Frédéric;Sarkozy;Fillon;Culture;2010/03/22;2010/11/14;5;40
Alliot-Marie;Michèle;Sarkozy;Fillon;Justice;2010/03/22;2010/11/14;5;40
Hortefeux;Brice;Sarkozy;Fillon;Intérieur;2010/03/22;2010/11/14;5;40
Morin;Hervé;Sarkozy;Fillon;Défense;2010/03/22;2010/11/14;5;40
Le Maire;Bruno;Sarkozy;Fillon;Agriculture;2010/03/22;2010/11/14;5;40
Estrosi;Christian;Sarkozy;Fillon;Industrie Comm;2010/03/22;2010/11/14;5;40
Besson;Eric;Sarkozy;Fillon;Immigration;2010/03/22;2010/11/14;5;40
Kosciusko-Morizet;Nathalie;Sarkozy;Fillon;Ecologie;2010/11/14;2011/02/28;5;41
Alliot-Marie;Michèle;Sarkozy;Fillon;Aff Etrangères;2010/11/14;2011/02/28;5;41
Bertrand;Xavier;Sarkozy;Fillon;Travail;2010/11/14;2011/02/28;5;41
Lagarde;Christine;Sarkozy;Fillon;Finances;2010/11/14;2011/02/28;5;41
Bachelot;Roseline;Sarkozy;Fillon;Solidarité;2010/11/14;2011/02/28;5;41
Barouin;François;Sarkozy;Fillon;Budget;2010/11/14;2011/02/28;5;41
Mercier;Michel;Sarkozy;Fillon;Justice;2010/11/14;2011/02/28;5;41
Chatel;Luc;Sarkozy;Fillon;Educ Nat;2010/11/14;2011/02/28;5;41
Pecresse;Valérie;Sarkozy;Fillon;Ens sup;2010/11/14;2011/02/28;5;41
Mitterrand;Frédéric;Sarkozy;Fillon;Culture;2010/11/14;2011/02/28;5;41
Wauquier;Laurent;Sarkozy;Fillon;Aff Européennes;2010/11/14;2011/02/28;5;41
Hortefeux;Brice;Sarkozy;Fillon;Intérieur;2010/11/14;2011/02/28;5;41
Juppé;Alain;Sarkozy;Fillon;Défense;2010/11/14;2011/02/28;5;41
Le Maire;Bruno;Sarkozy;Fillon;Agriculture;2010/11/14;2011/02/28;5;41
Besson;Eric;Sarkozy;Fillon;Industrie Comm;2010/11/14;2011/02/28;5;41
Morano;Nadine;Sarkozy;Fillon;Form prof;2010/11/14;2011/02/28;5;41
Leroy;Maurice;Sarkozy;Fillon;Ville;2010/11/14;2011/02/28;5;41
Jouanno;Chantal;Sarkozy;Fillon;Sports;2010/11/14;2011/02/28;5;41
Ollier;Patrick;Sarkozy;Fillon;Rel Parlement;2010/11/14;2011/02/28;5;41
De Raincourt;Henri;Sarkozy;Fillon;Coopération;2010/11/14;2011/02/28;5;41
Richer;Philippe;Sarkozy;Fillon;Coll Territoriales;2010/11/14;2011/02/28;5;41
Penchard;Marie Luce;Sarkozy;Fillon;Outremer;2010/11/14;2011/02/28;5;41
Kosciusko-Morizet;Nathalie;Sarkozy;Fillon;Ecologie;2011/02/28;2012/05/15;5;42
Juppé;Alain;Sarkozy;Fillon;Aff Etrangères;2011/02/28;2012/05/15;5;42
Bertrand;Xavier;Sarkozy;Fillon;Travail;2011/02/28;2012/05/15;5;42
Lagarde;Christine;Sarkozy;Fillon;Finances;2011/02/28;2011/07/01;5;42
Barouin;François;Sarkozy;Fillon;Finances;2011/07/01;2012/05/15;5;42
Bachelot;Roseline;Sarkozy;Fillon;Solidarité;2011/02/28;2012/05/15;5;42
Barouin;François;Sarkozy;Fillon;Budget;2011/02/28;2011/07/01;5;42
Pecresse;Valérie;Sarkozy;Fillon;Budget;2011/07/01;2012/05/15;5;42
Mercier;Michel;Sarkozy;Fillon;Justice;2011/02/28;2012/05/15;5;42
Chatel;Luc;Sarkozy;Fillon;Educ Nat;2011/02/28;2012/05/15;5;42
Pecresse;Valérie;Sarkozy;Fillon;Ens sup;2011/02/28;2011/07/01;5;42
Mitterrand;Frédéric;Sarkozy;Fillon;Culture;2011/02/28;2012/05/15;5;42
Wauquier;Laurent;Sarkozy;Fillon;Aff Européennes;2011/02/28;2011/07/01;5;42
Léonetti;Jean;Sarkozy;Fillon;Aff Européennes;2011/07/01;2012/05/15;5;42
Guéant;Claude;Sarkozy;Fillon;Intérieur;2011/02/28;2012/05/15;5;42
Longuet;Gérard;Sarkozy;Fillon;Défense;2011/02/28;2012/05/15;5;42
Le Maire;Bruno;Sarkozy;Fillon;Agriculture;2011/02/28;2012/05/15;5;42
Besson;Eric;Sarkozy;Fillon;Industrie Comm;2011/02/28;2012/05/15;5;42
Morano;Nadine;Sarkozy;Fillon;Form prof;2011/02/28;2012/05/15;5;42
Leroy;Maurice;Sarkozy;Fillon;Ville;2011/02/28;2012/05/15;5;42
Jouanno;Chantal;Sarkozy;Fillon;Sports;2011/02/28;2012/05/15;5;42
Ollier;Patrick;Sarkozy;Fillon;Rel Parlement;2011/02/28;2012/05/15;5;42
De Raincourt;Henri;Sarkozy;Fillon;Coopération;2011/02/28;2012/05/15;5;42
Richer;Philippe;Sarkozy;Fillon;Coll Territoriales;2011/02/28;2012/05/15;5;42
Penchard;Marie Luce;Sarkozy;Fillon;Outremer;2011/02/28;2012/05/15;5;42
Lellouche;Pierre;Sarkozy;Fillon;Commerce;2011/02/28;2012/05/15;5;42
Sauvadet;François;Sarkozy;Fillon;Fonction publique;2011/02/28;2012/05/15;5;42
Mariani;Thierry;Sarkozy;Fillon;Transport;2011/02/28;2012/05/15;5;42
Arif;Kader;Hollande;Ayrault;Anciens combattants;2012/05/16;2014/03/31;5;43
Batho;Delphine;Hollande;Ayrault;Ecologie;2012/05/16;2013/07/05;5;43
Benguigui;Yamina;Hollande;Ayrault;Francophonie;2012/05/16;2014/03/31;5;43
Bertinotti;Dominique;Hollande;Ayrault;Famille;2012/05/16;2014/03/31;5;43
Bricq;Nicole;Hollande;Ayrault;Commerce extérieur;2012/05/16;2014/03/31;5;43
Cahuzac;Jérôme;Hollande;Ayrault;Budget;2012/05/16;2013/03/19;5;43
Canfin;Pascal;Hollande;Ayrault;Développement;2012/05/16;2014/03/31;5;43
Carlotti;marie-Arlette;Hollande;Ayrault;Handicapés;2012/05/16;2014/03/31;5;43
Cazeneuve;Bernard;Hollande;Ayrault;Affaires Européennes;2012/05/16;2013/03/19;5;43
Cazeneuve;Bernard;Hollande;Ayrault;Budget;2013/03/19;2014/03/31;5;43
Conway;Hélène;Hollande;Ayrault;Français de l'étranger;2012/05/16;2014/03/31;5;43
Delaunay;Michèle;Hollande;Ayrault;Personnes âgées;2012/05/16;2014/03/31;5;43
Duflot;Cécile;Hollande;Ayrault;Logement;2012/05/16;2014/03/31;5;43
Escoffier;Anne-Marie;Hollande;Ayrault;Décentralisation;2012/05/16;2014/03/31;5;43
Fabius;Laurent;Hollande;Ayrault;Affaires étrangères;2012/05/16;2014/03/31;5;43
Filipetti;Aurelie;Hollande;Ayrault;Culture;2012/05/16;2014/03/31;5;43
Fioraso;Geneviève;Hollande;Ayrault;Ens sup recherche;2012/05/16;2014/03/31;5;43
Fourneyron;Valérie;Hollande;Ayrault;Sport;2012/05/16;2014/03/31;5;43
Garot;Guillaume;Hollande;Ayrault;Agroalimentaire;2012/05/16;2014/03/31;5;43
Hamon;Benoît;Hollande;Ayrault;Economie sociale;2012/05/16;2014/03/31;5;43
Lamy;François;Hollande;Ayrault;Logement;2012/05/16;2014/03/31;5;43
Le Drian;Jean-Yves;Hollande;Ayrault;Défense;2012/05/16;2014/03/31;5;43
Le Foll;Stéphane;Hollande;Ayrault;Agriculture;2012/05/16;2014/03/31;5;43
Lebranchu;Malylise;Hollande;Ayrault;Décentralisation;2012/05/16;2014/03/31;5;43
Lurel;Victor;Hollande;Ayrault;Outre-mer;2012/05/16;2014/03/31;5;43
Martin;Philippe;Hollande;Ayrault;Ecologie;2013/07/05;2014/03/31;5;43
Montebourg;Arnaud;Hollande;Ayrault;Redressement productif;2012/05/16;2014/03/31;5;43
Moscovici;Pierre;Hollande;Ayrault;Finances;2012/05/16;2014/03/31;5;43
Pau-Langevin (Mme);Georges;Hollande;Ayrault;Réussite éducative;2012/05/16;2014/03/31;5;43
Peillon;Vincent;Hollande;Ayrault;Education Nationale;2012/05/16;2014/03/31;5;43
Pellerin;Fleur;Hollande;Ayrault;PME Numérique;2012/05/16;2014/03/31;5;43
Pinel;Sylvia;Hollande;Ayrault;Artisanat Tourisme commerce;2012/05/16;2014/03/31;5;43
Repentin;Thierry;Hollande;Ayrault;Affaires européennes;2013/03/19;2014/03/31;5;43
Sapin;Michel;Hollande;Ayrault;Formation professionnelle;2012/05/16;2014/03/31;5;43
Taubira;Christiane;Hollande;Ayrault;Justice;2012/05/16;2014/03/31;5;43
Touraine;Marisol;Hollande;Ayrault;Santé;2012/05/16;2014/03/31;5;43
Vallaud-Belkasen;Najat;Hollande;Ayrault;Droit des femmes;2012/05/16;2014/03/31;5;43
Valls;Manuel;Hollande;Ayrault;Intérieur;2012/05/16;2014/03/31;5;43
Vidalies;Alain;Hollande;Ayrault;Relation avec le parlement;2012/05/16;2014/03/31;5;43
Sapin;Michel;Hollande;Valls;Finances;2014/04/01;2014/08/25;5;44
Montebourg;Arnaud;Hollande;Valls;Economie;2014/04/01;2014/08/25;5;44
Fabius;Laurent;Hollande;Valls;Affaires étrangères;2014/04/01;2014/08/25;5;44
Pau-Langevin;George;Hollande;Valls;Outre-mer;2014/04/01;2014/08/25;5;44
Hamon;Benoit;Hollande;Valls;Education Enseignement sup;2014/04/01;2014/08/25;5;44
Le Drian;Jean-Yves;Hollande;Valls;Défense;2014/04/01;2014/08/25;5;44
Taubira;Christiane;Hollande;Valls;Justice;2014/04/01;2014/08/25;5;44
Cazeneuve;Bernard;Hollande;Valls;Intérieur;2014/04/01;2014/08/25;5;44
Le Foll;Stéphane;Hollande;Valls;Agriculture;2014/04/01;2014/08/25;5;44
Rebsamen;François;Hollande;Valls;Travail,;2014/04/01;2014/08/25;5;44
Touraine;Marisol;Hollande;Valls;Affaires sociales Santé;2014/04/01;2014/08/25;5;44
Lebranchu;Marylise;Hollande;Valls;fonction publique;2014/04/01;2014/08/25;5;44
Royal;Ségolène;Hollande;Valls;Ecologie;2014/04/01;2014/08/25;5;44
Vallaud-Belkacem;Najat;Hollande;Valls;jeunesse et sports;2014/04/01;2014/08/25;5;44
Filipetti;Aurélie;Hollande;Valls;Culture;2014/04/01;2014/08/25;5;44
Pinel;Sylvia;Hollande;Valls;territoires et logement;2014/04/01;2014/08/25;5;44
Sapin;Michel;Hollande;Valls;Finances;2014/08/25;2016/02/13;5;45
Macron;Emmanuel;Hollande;Valls;Economie;2014/08/25;2016/02/13;5;45
Fabius;Laurent;Hollande;Valls;Affaires étrangères;2014/08/25;2016/02/13;5;45
Pau-Langevin;George;Hollande;Valls;Outre-mer;2014/08/25;2016/02/13;5;45
Vallaud-Belkacem;Najat;Hollande;Valls;Education Enseignement sup;2014/08/25;2016/02/13;5;45
Le Drian;Jean-Yves;Hollande;Valls;Défense;2014/08/25;2016/02/13;5;45
Taubira;Christiane;Hollande;Valls;Justice;2014/08/25;2016/02/13;5;45
Cazeneuve;Bernard;Hollande;Valls;Intérieur;2014/08/25;2016/02/13;5;45
Le Foll;Stéphane;Hollande;Valls;Agriculture;2014/08/25;2016/02/13;5;45
Rebsamen;François;Hollande;Valls;Travail,;2014/08/25;2015/09/02;5;45
El Khomri;Myriam;Hollande;Valls;Travail,;2015/09/02;2016/02/13;5;45
Touraine;Marisol;Hollande;Valls;Affaires sociales;2014/08/25;2016/02/13;5;45
Lebranchu;Marylise;Hollande;Valls;fonction publique;2014/08/25;2016/02/13;5;45
Royal;Ségolène;Hollande;Valls;Ecologie;2014/08/25;2016/02/13;5;45
Kanner;Patrick;Hollande;Valls;jeunesse et sports;2014/08/25;2016/02/13;5;45
Pellerin;Fleur;Hollande;Valls;Culture;2014/08/25;2016/02/13;5;45
Pinel;Sylvia;Hollande;Valls;territoires et logement;2014/08/25;2016/02/13;5;45
Sapin;Michel;Hollande;Valls;Finances+Eco aout 2016;2016/02/13;2016/12/06;5;46
Macron;Emmanuel;Hollande;Valls;Economie;2016/02/13;2016/08/01;5;46
Ayrault;Jean Marc;Hollande;Valls;Affaires étrangères;2016/02/13;2016/12/06;5;46
Pau-Langevin;George;Hollande;Valls;Outre-mer;2016/02/13;2016/08/01;5;46
Bareigts;Ericka;Hollande;Valls;Outre-mer;2016/08/01;2016/12/06;5;46
Vallaud-Belkacem;Najat;Hollande;Valls;Education Enseignement sup;2016/02/13;2016/12/06;5;46
Le Drian;Jean-Yves;Hollande;Valls;Défense;2016/02/13;2016/12/06;5;46
Urvoas;Jean Jacques;Hollande;Valls;Justice;2016/02/13;2016/12/06;5;46
Cazeneuve;Bernard;Hollande;Valls;Intérieur;2016/02/13;2016/12/06;5;46
Baylet;Jean Michel;Hollande;Valls;Territoire;2016/02/13;2016/12/06;5;46
Le Foll;Stéphane;Hollande;Valls;Agriculture;2016/02/13;2016/12/06;5;46
El Khomri;Myriam;Hollande;Valls;Travail,;2016/02/13;2016/12/06;;46
Touraine;Marisol;Hollande;Valls;Affaires sociales-Santé;2016/02/13;2016/12/06;5;46
Girardin;Annick;Hollande;Valls;Fonction publique;2016/02/13;2016/12/06;5;46
Royal;Ségolène;Hollande;Valls;Ecologie;2016/02/13;2016/12/06;5;46
Kanner;Patrick;Hollande;Valls;jeunesse et sports;2016/02/13;2016/12/06;5;46
Azoulay;Audrey;Hollande;Valls;Culture;2016/02/13;2016/12/06;5;46
Rossignol;Laurence;Hollande;Valls;Famille;2016/02/13;2016/12/06;5;46
Cosse;Emmanuelle;Hollande;Valls;Logement;2016/02/13;2016/12/06;5;46
Sapin;Michel;Hollande;Cazeneuve;Finances;2016/12/06;2017/05/16;5;47
Eckert;Christiane;Hollande;Cazeneuve;Economie;2016/12/06;2017/05/16;5;47
Ayrault;Jean Marc;Hollande;Cazeneuve;Affaires étrangères;2016/12/06;2017/05/16;5;47
Bareigts;Erika;Hollande;Cazeneuve;Outre-mer;2016/12/06;2017/05/16;5;47
Vallaud-belkacem;Najat;Hollande;Cazeneuve;Education nationale Ens sup;2016/12/06;2017/05/16;5;47
Le Drian;Jean-Yves;Hollande;Cazeneuve;Défense;2016/12/06;2017/05/16;5;47
Urvoas;Jean Jacques;Hollande;Cazeneuve;Justice;2016/12/06;2017/05/16;5;47
Le Roux;Bruno;Hollande;Cazeneuve;Intérieur;2016/12/06;2017/03/21;5;47
Baylet;Jean Michel;Hollande;Cazeneuve;Territoire;2016/12/06;2017/05/16;5;47
Le Foll;Stéphane;Hollande;Cazeneuve;Agriculture;2016/12/06;2017/05/16;5;47
El Khomri;Myriam;Hollande;Cazeneuve;Travail,;2016/12/06;2017/05/16;5;47
Touraine;Marisol;Hollande;Cazeneuve;Santé;2016/12/06;2017/05/16;5;47
Girardin;Annick;Hollande;Cazeneuve;fonction publique;2016/12/06;2017/05/16;5;47
Royal;Ségolène;Hollande;Cazeneuve;Ecologie;2016/12/06;2017/05/16;5;47
Kanner;Patrick;Hollande;Cazeneuve;Jeunesse et sports;2016/12/06;2017/05/16;5;47
Azouley;Audrey;Hollande;Cazeneuve;Culture;2016/12/06;2017/05/16;5;47
Rossignol;Laurence;Hollande;Cazeneuve;Famille;2016/12/06;2017/06/21;5;47
Cosse;Emmanuelle;Hollande;Cazeneuve;Logement;2016/12/06;2017/06/21;5;47
Blanquer;Jean-Michel;Macron;Philippe;Education;2017/05/16;2017/06/21;5;48
Bayrou;François;Macron;Philippe;Justice;2017/05/16;2017/06/21;5;48
Buzyn;Agnès;Macron;Philippe;Santé;2017/05/16;2017/06/21;5;48
Borne;Elisabeth;Macron;Philippe;Transports;2017/05/16;2017/06/21;5;48
Collomb;Gérard;Macron;Philippe;Intérieur;2017/05/16;2017/06/21;5;48
Darmanin;Gérard;Macron;Philippe;Budget;2017/05/16;2017/06/21;5;48
Ferrand;Richard;Macron;Philippe;Cohésion des territoires;2017/05/16;2017/06/21;5;48
Flessel;Laura;Macron;Philippe;Sports;2017/03/21;2017/06/21;5;48
Goulard;Sylvie;Macron;Philippe;Armées;2017/05/16;2017/06/21;5;48
Girardin;Annick;Macron;Philippe;Outre-mer;2017/05/16;2017/06/21;5;48
Hulot;Nicolas;Macron;Philippe;Ecologie;2017/05/16;2017/06/21;5;48
Le Maire;Bruno;Macron;Philippe;Finances;2017/05/16;2017/06/21;5;48
Le Drian;Jean-Yves;Macron;Philippe;Affaires Etrangères;2017/05/16;2017/06/21;5;48
Mézard;Jacques;Macron;Philippe;Agriculture;2017/05/16;2017/06/21;5;48
Nyssen;Françoise;Macron;Philippe;Culture;2017/05/16;2017/06/21;5;48
Pénicaud;Muriel;Macron;Philippe;Travail;2017/05/16;2017/06/21;5;48
Sarnez;Muriel de;Macron;Philippe;Affaires européennes;2017/05/16;2017/06/21;5;48
Vidal;Frédéric;Macron;Philippe;Enseignement supérieur;2017/05/16;2017/06/21;5;48
Blanquer;Jean-Michel;Macron;Philippe;Education;2017/06/21;2020/07/03;5;49
Béloubet;Nicole;Macron;Philippe;Justice;2017/06/21;2020/07/03;5;49
Buzyn;Agnès;Macron;Philippe;Santé;2017/06/21;2020/02/16;5;49
Véran;Olivier;Macron;Philippe;Santé;2020/02/16;2020/07/03;5;49
Borne;Elisabeth;Macron;Philippe;Transition écologique;2017/06/21;2020/07/03;5;49
Collomb;Gérard;Macron;Philippe;Intérieur;2017/06/21;2018/10/01;5;49
Castaner;Christophe;Macron;Philippe;Intérieur;2018/10/01;2020/07/03;5;49
Darmanin;Gérard;Macron;Philippe;Budget;2017/06/21;2020/07/03;5;49
Mézard;Jacques;Macron;Philippe;Cohésion des territoires;2017/06/21;2020/07/03;5;49
Flessel;Laura;Macron;Philippe;Sports;2017/03/21;2020/07/03;5;49
Parly;Florence;Macron;Philippe;Armées;2017/06/21;2020/07/03;5;49
Girardin;Annick;Macron;Philippe;Outre-mer;2017/06/21;2020/07/03;5;49
Hulot;Nicolas;Macron;Philippe;Ecologie;2017/06/21;2020/07/03;5;49
Lemaire;Bruno;Macron;Philippe;Finances;2017/06/21;2020/07/03;5;49
Le Drian;Jean-Yves;Macron;Philippe;Affaires Etrangères;2017/06/21;2020/07/03;5;49
Travert;Stéphane;Macron;Philippe;Agriculture;2017/06/21;2020/07/03;5;49
Nyssen;Françoise;Macron;Philippe;Culture;2017/06/21;2020/07/03;5;49
Pénicaud;Muriel;Macron;Philippe;Travail;2017/06/21;2020/07/03;5;49
Loiseau;Nathalie;Macron;Philippe;Affaires européennes;2017/06/21;2020/07/03;5;49
Vidal;Frédéric;Macron;Philippe;Enseignement supérieur;2017/06/21;2020/07/03;5;49
Gourault;Jacqueline;Macron;Philippe;Auprès du M de l'Intérieur;2017/06/21;2020/07/03;5;49
Le Drian;Jean Yves;Macron;Castex;Europe aff étrangères;2020/07/03;2022/07/05;5;50
Denormandie;Julien;Macron;Castex;Agriculture;2020/07/03;2022/07/05;5;50
Pompili;Barbara;Macron;Castex;Transition écologique;2020/07/03;2022/07/05;5;50
Blanquer;Jean Michel;Macron;Castex;Education Nationale;2020/07/03;2022/07/05;5;50
Le Maire;Bruno;Macron;Castex;Economie Finances;2020/07/03;2022/07/05;5;50
Parly;Florence;Macron;Castex;Armées;2020/07/03;2022/07/05;5;50
Darmanin;Gérald;Macron;Castex;Intérieur;2020/07/03;2022/07/05;5;50
Borne;Elisabeth;Macron;Castex;Travail Emploi;2020/07/03;2022/07/05;5;50
Lecornu;Sébastien;Macron;Castex;Outre mer;2020/07/03;2022/07/05;5;50
Giraud;Joël;Macron;Castex;Cohésion Collectivités territoriales;2020/07/03;2022/07/05;5;50
Dupont Moretti;Eric;Macron;Castex;Garde des sceaux - justice;2020/07/03;2022/07/05;5;50
Bachelot;Roselyne;Macron;Castex;Culture;2020/07/03;2022/07/05;5;50
Véran;Olivier;Macron;Castex;Solidarité Santé;2020/07/03;2022/07/05;5;50
Girardin;Annick;Macron;Castex;La mer;2020/07/03;2022/07/05;5;50
Vidal (Mme);Frédérique;Macron;Castex;Enseignement Sup Recherche;2020/07/03;2022/07/05;5;50
De Montchalin;Amélie;Macron;Castex;Fonction publique;2020/07/03;2022/07/05;5;50
Fresneau;Marc;Macron;Castex;Relation parlement;2020/07/03;2022/07/05;5;50
Moreno;Elisabeth;Macron;Castex;Egalité Homme femme;2020/07/03;2022/07/05;5;50
Riester;Franck;Macron;Castex;Commerce extérieur;2020/07/03;2022/07/05;5;50
Wargon;Emmanuelle;Macron;Castex;Logement;2020/07/03;2022/07/05;5;50
Djebbari;Jean Baptiste;Macron;Castex;Transport;2020/07/03;2022/07/05;5;50
Lecornu;Sébastien;Macron;Castex;Jeunesse Sports;2020/07/03;2022/07/05;5;50
Maracineanu;Roxana;Macron;Castex;Collectivités territoriales;2020/07/03;2022/07/05;5;50
Dussopt;Olivier;Macron;Castex;Comptes Publiques;2020/07/03;2022/07/05;5;50
Pannier Runacher;Agnès;Macron;Castex;Industrie;2020/07/03;2022/07/05;5;50
Griset;Alain;Macron;Castex;PME;2020/07/03;2022/07/05;5;50
Darrieussecq;Geneviève;Macron;Castex;Ancien Combattants;2020/07/03;2022/07/05;5;50
Schiappa;Marlène;Macron;Castex;Citoyenneté;2020/07/03;2022/07/05;5;50
Klinkert;Brigitte;Macron;Castex;Insertion Emploi;2020/07/03;2022/07/05;5;50
Hai;Nadia;Macron;Castex;Ville;2020/07/03;2022/07/05;5;50
Bourguignon;Brigitte;Macron;Castex;Autonomie Santé;2020/07/03;2022/07/05;5;50
Le Maire;Bruno;Macron;Borne;Economie Finances;2022/05/20;2023/07/20;5;51
Attal;Gabriel;Macron;Borne;Comptes publics;2022/05/20;2023/07/20;5;51
Rome;Isabelle;Macron;Borne;Egalité homme-femme;2022/05/20;2023/07/20;5;51
Veran;Olivier;Macron;Borne;Porte parole;2022/05/20;2023/07/20;5;51
Darmanin;Gérald;Macron;Borne;Intérieur;2022/05/20;2023/07/20;5;51
Bechu;Christophe;Macron;Borne;Collectivités territoriales;2022/05/20;2022/07/05;5;51
Cayeux;Caroline;Macron;Borne;Collectivités territoriales;2022/07/05;2023/07/20;5;51
Bechu;Christophe;Macron;Borne;Transition écologique;2022/07/05;2023/07/20;5;51
Colonna;Catherine;Macron;Borne;Aff Etrangères Europe;2022/05/20;2023/07/20;5;51
Riester;Franck;Macron;Borne;Commerce extérieur;2022/05/20;2022/07/05;5;51
Brecht;Olivier;Macron;Borne;Commerce extérieur;2022/07/05;2023/07/20;5;51
Riester;Franck;Macron;Borne;Relation avec le parlement;2022/07/05;2023/07/20;5;51
Beaune;Clément;Macron;Borne;Europe;2022/05/20;2022/07/05;5;51
Beaune;Clément;Macron;Borne;Transports;2022/07/05;2023/07/20;5;51
Dupond-Moretti;Eric;Macron;Borne;Justice Garde des sceaux;2022/05/20;2023/07/20;5;51
De Monchalin;Amélie;Macron;Borne;Transition écologique;2022/05/20;2022/07/05;5;51
Gourault;Jacqueline;Macron;Borne;Cohésion des territoires;2022/05/20;2022/07/05;5;51
Hai;Nadia;Macron;Borne;Cohésion des ter. la ville;2022/05/20;2022/07/05;5;51
Klein;Olivier;Macron;Borne;la ville;2022/07/05;2023/07/20;5;51
Klinkert;Brigitte;Macron;Borne;Emploi;2022/05/20;2022/07/05;5;51
Ndiaye;Pap;Macron;Borne;Education Nationale;2022/05/20;2023/07/20;5;51
Retailleau;Sylvie;Macron;Borne;Enseignement supérieur;2022/05/20;2023/07/20;5;51
Abdul-Malak;Rima;Macron;Borne;Culture;2022/05/20;2023/07/20;5;51
Fesneau;Marc;Macron;Borne;Agriculture;2022/05/20;2023/07/20;5;51
Benin;Justine;Macron;Borne;La mer;2022/05/20;2022/07/05;5;51
Lecornu;Sébastien;Macron;Borne;Armée;2022/05/20;2023/07/20;5;51
Bourguignon;Brigitte;Macron;Borne;Santé Solidarité;2022/05/20;2022/07/05;5;51
Braun;François;Macron;Borne;Santé Solidarité;2022/07/05;2023/07/20;5;51
Dussopt;Olivier;Macron;Borne;Travail;2022/05/20;2023/07/20;5;51
Pannier-Runacher;Agnès;Macron;Borne;Transition énergétique;2022/05/20;2023/07/20;5;51
Guerini;Stanislas;Macron;Borne;Fonction publique;2022/05/20;2023/07/20;5;51
Braun-Pivet;Yaël;Macron;Borne;Outremer;2022/05/20;2022/07/05;5;51
Carenco;François;Macron;Borne;Outremer;2022/07/05;2023/07/20;5;51
Oudea-Castera;Amelie;Macron;Borne;Sport JO;2022/05/20;2023/07/20;5;51
Darrieussecq;Geneviève;Macron;Borne;Ancien combattants;2022/05/05;2022/07/20;5;51
Darrieussecq;Geneviève;Macron;Borne;Handicapés;2022/07/20;2023/07/20;5;51
Lescure;Roland;Macron;Borne;Industrie;2022/07/05;2023/07/20;5;51
Barrot;Jean Noel;Macron;Borne;Numérique;2022/07/05;2023/07/20;5;51
Grégoire;Olivia;Macron;Borne;PME;2022/07/05;2023/07/20;5;51
Grandjean;Carole;Macron;Borne;Enseignement professionnel;2022/07/05;2023/07/20;5;51
Combe;Jean-Christophe;Macron;Borne;Solidarité;2022/07/05;2023/07/20;5;51
Veran;Olivier;Macron;Borne;Porte parole;2023/07/20;2024/01/08;5;52
Riester;Franck;Macron;Borne;Relationavec le parlement;2023/07/20;2024/01/08;5;52
Couillard;Bérangère;Macron;Borne;Egalité homme-femme;2023/07/20;2024/01/08;5;52
Le Maire;Bruno;Macron;Borne;Economie- Finances;2023/07/20;2024/01/08;5;52
Cazenave;Thomas;Macron;Borne;Comptes publics;2023/07/20;2024/01/08;5;52
Lescure;Roland;Macron;Borne;Industrie;2023/07/20;2024/01/08;5;52
Barrot;Jean-Noël;Macron;Borne;Numérique;2023/07/20;2024/01/08;5;52
Grégoire;Olivia;Macron;Borne;PME;2023/07/20;2024/01/08;5;52
Darmanin;Gérard;Macron;Borne;Intérieur;2023/07/20;2024/01/08;5;52
Faure Mme);Dominique;Macron;Borne;Collectivités territoriales;2023/07/20;2024/01/08;5;52
Vigier;Philippe;Macron;Borne;Outremer;2023/07/20;2024/01/08;5;52
Colonna;Catherine;Macron;Borne;Aff Etrangères- Europe;2023/07/20;2024/01/08;5;52
Becht;Olivier;Macron;Borne;Commerce extérieur;2023/07/20;2024/01/08;5;52
Dupond-Moretti;Eric;Macron;Borne;Justice;2023/07/20;2024/01/08;5;52
Lecornu;Sébastien;Macron;Borne;Armées;2023/07/20;2024/01/08;5;52
Dussopt;Olivier;Macron;Borne;Travail;2023/07/20;2024/01/08;5;52
Grandjean;Carole;Macron;Borne;Enseignement professionnel;2023/07/20;2024/01/08;5;52
Attal;Gabriel;Macron;Borne;Education nationale;2023/07/20;2024/01/08;5;52
Retailleau;Sylvie;Macron;Borne;Enseignement supérieur;2023/07/20;2024/01/08;5;52
Faisneau;Marc;Macron;Borne;Agriculture;2023/07/20;2024/01/08;5;52
Béchu;Christophe;Macron;Borne;Transition écologique;2023/07/20;2024/01/08;5;52
Vergriete;Patrice;Macron;Borne;Logement;2023/07/20;2024/01/08;5;52
Pannier-Runacher;Agnes;Macron;Borne;Transition énergétique;2023/07/20;2024/01/08;5;52
Abdul-Malak;Rima;Macron;Borne;Culture;2023/07/20;2024/01/08;5;52
Rousseau;Aurelien;Macron;Borne;Santé;2023/07/20;2024/01/08;5;52
Firmin-Lebodo;Agnes;Macron;Borne;Organisation territoriale;2023/07/20;2024/01/08;5;52
Berger;Aurore;Macron;Borne;Solidarité;2023/07/20;2024/01/08;5;52
Khatabi;Fabila;Macron;Borne;Handicapés;2023/07/20;2024/01/08;5;52
Guérini;Stanislas;Macron;Borne;Fonction publique;2023/07/20;2024/01/08;5;52
Oudéa-Castéra;Amélie;Macron;Borne;Sports;2023/07/20;2024/01/08;5;52
Barrot;Jean Noel;Macron;Attal;Europe;2024/01/09;2024/07/08;5;53
Bechu;Christophe;Macron;Attal;Trans Ecologique;2024/01/09;2024/07/08;5;53
Belloubet;Nicole;Macron;Attal;Education Nationale;2024/01/09;2024/07/08;5;53
Bergé;Aurore;Macron;Attal;Egalité H-F;2024/01/09;2024/07/08;5;53
Cazenave;Thomas;Macron;Attal;Comptes publics;2024/01/09;2024/07/08;5;53
Darmanin;Gérald;Macron;Attal;Intérieur;2024/01/09;2024/07/08;5;53
Dati;Rachida;Macron;Attal;Culture;2024/01/09;2024/07/08;5;53
Dupond Moretti;Eric;Macron;Attal;Justice;2024/01/09;2024/07/08;5;53
El Haïry;Sarah;Macron;Attal;Famille;2024/01/09;2024/07/08;5;53
Faure (Mme);Dominique;Macron;Attal;Collectivités territoriales;2024/01/09;2024/07/08;5;53
Fesneaux;Marc;Macron;Attal;Agriculture;2024/01/09;2024/07/08;5;53
Grégoire;Olivia;Macron;Attal;Entreprises;2024/01/09;2024/07/08;5;53
Guérini;Stanislas;Macron;Attal;Fonction publique;2024/01/09;2024/07/08;5;53
Guévenoux;Marie;Macron;Attal;Outremer;2024/01/09;2024/07/08;5;53
Kasbarian;Guillaume;Macron;Attal;Logement;2024/01/09;2024/07/08;5;53
Khattabi;Fabila;Macron;Attal;Handicapés;2024/01/09;2024/07/08;5;53
Le Maire;Bruno;Macron;Attal;Finances;2024/01/09;2024/07/08;5;53
Lebec;Marie;Macron;Attal;Relations avec le Parlement;2024/01/09;2024/07/08;5;53
Lecornu;Sébastien;Macron;Attal;Armées;2024/01/09;2024/07/08;5;53
Lescure;Roland;Macron;Attal;Industrie;2024/01/09;2024/07/08;5;53
Oudéa Castéra;Amélie;Macron;Attal;Sports;2024/01/09;2024/07/08;5;53
Pannier Runacher;Agnes;Macron;Attal;Alimentation;2024/01/09;2024/07/08;5;53
Retailleau;Sylvie;Macron;Attal;Enseignement supérieur;2024/01/09;2024/07/08;5;53
Riester;Franck;Macron;Attal;Commerce extérieur;2024/01/09;2024/07/08;5;53
Séjourné;Stéphane;Macron;Attal;Affaires etrangères;2024/01/09;2024/07/08;5;53
Thévenot ((Mme);Prisca;Macron;Attal;Porte parole;2024/01/09;2024/07/08;5;53
Valletoux;Frédéric;Macron;Attal;Santé;2024/01/09;2024/07/08;5;53
Vautrin;Catherine;Macron;Attal;Travail;2024/01/09;2024/07/08;5;53
Vergriete;Patrice;Macron;Attal;Transports;2024/01/09;2024/07/08;5;53
Armand;Antoine;Macron;Barnier;Finances;2024/09/21;2024/12/05;5;54
Saint Martin;Laurent;Macron;Barnier;Budget;2024/09/21;2024/12/05;5;54
Poussier-Winsback;Marie Agnes;Macron;Barnier;Economie sociale;2024/09/21;2024/12/05;5;54
Ferrari;Marina;Macron;Barnier;Economie tourisme;2024/09/21;2024/12/05;5;54
Primas;Sophie;Macron;Barnier;Commerce ext;2024/09/21;2024/12/05;5;54
Retailleau;Bruno;Macron;Barnier;Intérieur;2024/09/21;2024/12/05;5;54
Daragon;Nicolas;Macron;Barnier;Sécurité;2024/09/21;2024/12/05;5;54
Vautrin;Catherine;Macron;Barnier;Collectivité territoriales;2024/09/21;2024/12/05;5;54
Buffet;François Noel;Macron;Barnier;Outremer;2024/09/21;2024/12/05;5;54
Darrieussecq;Geneviève;Macron;Barnier;Santé;2024/09/21;2024/12/05;5;54
Parmentier Lecoq;Charlotte;Macron;Barnier;Personnes agées- Handicap;2024/09/21;2024/12/05;5;54
Barrot;Jean Noel;Macron;Barnier;Affaires étrangères Europe;2024/09/21;2024/12/05;5;54
Haddad;Benjamin;Macron;Barnier;Europe;2024/09/21;2024/12/05;5;54
Ferracci;Marc;Macron;Barnier;Industrie;2024/09/21;2024/12/05;5;54
Genevard;Annie;Macron;Barnier;Agriculture;2024/09/21;2024/12/05;5;54
Loher;Fabrice;Macron;Barnier;La mer;2024/09/21;2024/12/05;5;54
Gatel;Françoise;Macron;Barnier;Ruralité, Commerce, Artisanat;2024/09/21;2024/12/05;5;54
Pannier Runacher;Agnes;Macron;Barnier;Transition écologique;2024/09/21;2024/12/05;5;54
Givernet;Olga;Macron;Barnier;Transition écologique Energie;2024/09/21;2024/12/05;5;54
Migaud;Didier;Macron;Barnier;Justice;2024/09/21;2024/12/05;5;54
Lecornu;Sébastien;Macron;Barnier;Armées;2024/09/21;2024/12/05;5;54
Thiriot;Jean Louis;Macron;Barnier;Armées - Anciens combattant;2024/09/21;2024/12/05;5;54
Genetet;Anne;Macron;Barnier;Education nationale;2024/09/21;2024/12/05;5;54
Hetzel;Patrick;Macron;Barnier;Enseignement supérieur;2024/09/21;2024/12/05;5;54
Portier;Alexandre;Macron;Barnier;Enseignement professionnel;2024/09/21;2024/12/05;5;54
Dati;Rachida;Macron;Barnier;Culture;2024/09/21;2024/12/05;5;54
Durovray;François;Macron;Barnier;Transports;2024/09/21;2024/12/05;5;54
Letard;Valérie;Macron;Barnier;Logement;2024/09/21;2024/12/05;5;54
Panosyan Bouvet;Astrid;Macron;Barnier;Travail;2024/09/21;2024/12/05;5;54
Avérous;Gil;Macron;Barnier;Sports;2024/09/21;2024/12/05;5;54
Kasbarian;Guillaume;Macron;Barnier;Fonction publique;2024/09/21;2024/12/05;5;54
Christophe;Paul;Macron;Barnier;Solidarité;2024/09/21;2024/12/05;5;54
Canayer;Agnès;Macron;Barnier;Famille - Enfants;2024/09/21;2024/12/05;5;54
Bregeon;Maud;Macron;Barnier;Porte parole du gouvernement;2024/09/21;2024/12/05;5;54
Delattre;Nathalie;Macron;Barnier;Relations avec le parlement;2024/09/21;2024/12/05;5;54
Carrère Gée;Marie Claire;Macron;Barnier;Coordination du gouvernement;2024/09/21;2024/12/05;5;54
Primas;Sophie;Macron;Bayrou;Porte parole;2024/12/23;2025/09/09;5;55
Mignola;Patrick;Macron;Bayrou;Relation avec le Parlement;2024/12/23;2025/09/09;5;55
Bergé;Aurore;Macron;Bayrou;Egalité Homme/Femme;2024/12/23;2025/09/09;5;55
Lombard;Eric;Macron;Bayrou;Finances;2024/12/23;2025/09/09;5;55
De Montchalin;Amélie;Macron;Bayrou;Budget;2024/12/23;2025/09/09;5;55
Ferracci;Marc;Macron;Bayrou;Industrie-Energie;2024/12/23;2025/09/09;5;55
Lowagie;Véronique;Macron;Bayrou;Commerce - Artisanat;2024/12/23;2025/09/09;5;55
Delattre;Nathalie;Macron;Bayrou;Economie - Tourisme;2024/12/23;2025/09/09;5;55
Chappaz;Clara;Macron;Bayrou;Numérique IA;2024/12/23;2025/09/09;5;55
Barrot;Jean Noel;Macron;Bayrou;Affaires étrangères - Europe;2024/12/23;2025/09/09;5;55
Haddad;Benjamin;Macron;Bayrou;Europe;2024/12/23;2025/09/09;5;55
Saint Martin;Laurent;Macron;Bayrou;Commerce Extérieur;2024/12/23;2025/09/09;5;55
Mohamed Soilihi;Thani;Macron;Bayrou;Francophonie;2024/12/23;2025/09/09;5;55
Dati;Rachida;Macron;Bayrou;Culture;2024/12/23;2025/09/09;5;55
Genevard;Annie;Macron;Bayrou;Agriculture;2024/12/23;2025/09/09;5;55
Marcangeli;Laurent;Macron;Bayrou;Fonction publique;2024/12/23;2025/09/09;5;55
Barsacq;Marie;Macron;Bayrou;Sports;2024/12/23;2025/09/09;5;55
Valls;Manuel;Macron;Bayrou;Outre mer;2024/12/23;2025/09/09;5;55
Darmanin;Gérard;Macron;Bayrou;Justice;2024/12/23;2025/09/09;5;55
Borne;Elisabeth;Macron;Bayrou;Education nationale;2024/12/23;2025/09/09;5;55
Baptiste;Philippe;Macron;Bayrou;Ensignement supérieur;2024/12/23;2025/09/09;5;55
Lecornu;Sébastien;Macron;Bayrou;Armées;2024/12/23;2025/09/09;5;55
Miralles;Patricia;Macron;Bayrou;Anciens combattants;2024/12/23;2025/09/09;5;55
Retailleau;Bruno;Macron;Bayrou;Interieur;2024/12/23;2025/09/09;5;55
Buffet;Jean Noel;Macron;Bayrou;Intérieur;2024/12/23;2025/09/09;5;55
Vaurin;Catherine;Macron;Bayrou;Santé - Travail;2024/12/23;2025/09/09;5;55
Panosian Bouvet;Astrid;Macron;Bayrou;Travail - Emploi;2024/12/23;2025/09/09;5;55
Neuder;Yannick;Macron;Bayrou;Santé accès aux soins;2024/12/23;2025/09/09;5;55
Parmentier Lecoq;Charlotte;Macron;Bayrou;Handicap;2024/12/23;2025/09/09;5;55
Rebsamen;François;Macron;Bayrou;Aménagement du territoire;2024/12/23;2025/09/09;5;55
Létard;Valerie;Macron;Bayrou;Logement;2024/12/23;2025/09/09;5;55
Tabarot;Philippe;Macron;Bayrou;Transports;2024/12/23;2025/09/09;5;55
Gatel;Françoise;Macron;Bayrou;Ruralité;2024/12/23;2025/09/09;5;55
Meadel;Juliette;Macron;Bayrou;La Ville;2024/12/23;2025/09/09;5;55
Pannier Runacher;Agnès;Macron;Bayrou;Transition écologique;2024/12/23;2025/09/09;5;55
Bregeon;Maud;Macron;Lecornu;Porte parole du Gouvernement;2025/10/12;;5;56
Panifous;Laurent;Macron;Lecornu;Relations avec le parlement;2025/10/12;;5;56
Berger;Aurore;Macron;Lecornu;Egalité homme-Femme ,;2025/10/12;;5;56
Lescure;Roland;Macron;Lecornu;Économie et Finances;2025/10/12;;5;56
de Monchalin;Amélie;Macron;Lecornu;Action et  Comptes  publics;2025/10/12;;5;56
Martin;Sébastien;Macron;Lecornu;Industrie;2025/10/12;;5;56
Sapin;Serge;Macron;Lecornu;Commerce et Artisanat-PME,;2025/10/12;;5;56
Amiel;David;Macron;Lecornu;Fonction publique Réformes;2025/10/12;;5;56
Le Henanff;Anne;Macron;Lecornu;Numérique  et IA;2025/10/12;;5;56
Barrot;Jean-Noel;Macron;Lecornu;Affaires étrangères et Europe;2025/10/12;;5;56
Haddad;Benjamin;Macron;Lecornu;Europe,;2025/10/12;;5;56
Forissier;Nicolas;Macron;Lecornu;Commerce extérieur,;2025/10/12;;5;56
Caroit;Eléonore;Macron;Lecornu;Francophonie partenariats internationaux;2025/10/12;;5;56
Dati;Rachida;Macron;Lecornu;Culture;2025/10/12;;5;56
Genevard;Annie;Macron;Lecornu;Agriculture souveraineté alim;2025/10/12;;5;56
Ferrari;Marina;Macron;Lecornu;Sports;2025/10/12;;5;56
Moutchou;Naïma;Macron;Lecornu;Outre Mer;2025/10/12;;5;56
Darmanin;Gérald;Macron;Lecornu;Justice,Garde des sceaux;2025/10/12;;5;56
Geffray;Edouard;Macron;Lecornu;"Education nationale,
 Ens supérieur, Recherche";2025/10/12;;5;56
Baptiste;Philippe;Macron;Lecornu;Enseignement sup;2025/10/12;;5;56
Vautrin;Catherine;Macron;Lecornu;Armées;2025/10/12;;5;56
Rufo;Alice;Macron;Lecornu;Armées Anciens combattants;2025/10/12;;5;56
Nunez;Laurent;Macron;Lecornu;Intérieur;2025/10/12;;5;56
Vedrenne;Marie-Pierre;Macron;Lecornu;Au près du min de l'ntérieur;2025/10/12;;5;56
Farandou;Jean-Pierre;Macron;Lecornu;Travail Solidarités;2025/10/12;;5;56
;;Macron;Lecornu;;;;5;56
Rist;Stéphanie;Macron;Lecornu;Santé - accès aux soins;2025/10/12;;5;56
Parmentier-Lecocq;Charlotte;Macron;Lecornu;Autonomie - Handicap;2025/10/12;;5;56
Gatel;Françoise;Macron;Lecornu;Aménagement du territoire,;2025/10/12;;5;56
Tabarot;Philippe;Macron;Lecornu;Transports;2025/10/12;;5;56
Fournier;Michel;Macron;Lecornu;Ruralité;2025/10/12;;5;56
Jeanbrun;Vincent;Macron;Lecornu;La ville et Logement;2025/10/12;;5;56
Barbut;Monique;Macron;Lecornu;Transition écologique,Mer,Pèche;2025/10/12;;5;56
Chabaud;Catherine;Macron;Lecornu;Mer  et Pêche;2025/10/12;;5;56
Lefevre;Catherine;Macron;Lecornu;Transition écologique;2025/10/12;;5;56